country,MealInexpensive,Meal2People,McMeal,BeerDomesticRestaurant,BeerImportedRestaurant,Cappucino,Coke,Water,Milk,Bread,Rice,Eggs,Cheese,Chicken,Beef,Apples,Banana,Oranges,Tomato,Potato,Onion,Lettuce,Water,Wine,BeerDomesticMarket,BeerImportedMarket,Cigarettes,LocalTransport1Way,MonthlyPass,TaxiStart,Taxi1km,Taxi1hrWaiting,Gasoline,CarVolkswagenGolf,CarToyotaCorolla,Utility,PrepaidMobile,InternetAndMobile,FitnessClub,TennisCourtRent,Cinema,Preschool,PrimarySchool,Jeans,SummerDress,NikeRunningShoes,LeatherBusinessShoes,Apt1BedroomCityCtr,Apt1BedroomNoCityCtr,Apt3BedroomCityCtr,Apt3BedroomNoCityCtr,PricePerSqMtCityCtr,PricePerSqMtNoCityCtr,AvgMonthlyNetSalary,MortgageInterest,data_quality
Afghanistan,1.67,6.7825,2.94,2.22,,0.59,0.3225,0.135,0.502,0.24,1.088,1.364,2.832,2.696,4.3825,0.642,0.826,0.754,0.432,0.33,0.272,0.22,0.218,4.15,0.655,1.113333333,1.3475,0.22,13.33333333,0.975,0.9725,2.775,0.78,6667.7,24837.195,43.51,0.04,314.865,11.36,5.555,3.053333333,17.5025,822.35,17.225,46.04,26.115,27.505,80.955,45.37666667,153.73,92.60666667,474.28,233.2166667,188.3,11.19333333,0.166666667
Albania,4.358,24.95866667,4.144666667,1.352,1.802666667,1.159333333,1.119333333,0.584666667,1.086666667,0.575333333,1.169333333,1.973333333,5.342,4.419333333,7.852666667,0.924,1.408,1.048666667,0.882,0.633333333,0.589333333,0.554285714,0.527333333,5.007333333,0.798666667,1.292666667,2.81,0.459090909,11.899,2.464,2.161333333,8.014285714,1.704666667,16089.01583,17434.76583,79.446,0.178181818,15.95357143,26.36909091,9.995,5.016153846,91.38071429,2069.852727,36.11285714,30.53357143,64.72357143,75.56142857,197.0436364,123.3509091,358.939,215.107,869.196,524.8822222,361.3733333,4.895,0.2
Algeria,1.993225806,13.47645161,2.755483871,1.414615385,1.624814815,0.5,0.48375,0.1990625,0.668125,0.187666667,0.980606061,1.3040625,5.366785714,3.91030303,10.5221875,2.1365625,2.474193548,1.1575,0.636060606,0.525,0.364848485,0.503103448,0.269393939,7.10875,1.374583333,1.615384615,2.11483871,0.210714286,9.819411765,0.811666667,0.552142857,3.659642857,0.298125,26826.16846,24451.83038,38.78344828,0.063548387,37.6437931,14.79548387,10.23285714,4.3968,57.22416667,1982.648235,28.45766667,33.31,53.159,64.071,144.8031034,96.19592593,241.8864286,167.3581481,923.0565,600.911,261.4641379,6.609375,0.121212121
American Samoa,23.48,6.57,21.81,1.88,1.88,0.99,1.17,2.08,1.04,3.12,2.08,2.08,21.81,,,2.08,2.08,3.12,,,,,,,,,,,,,,,,,,,,79.98,,,,,,,,,,88.18,,,,,,,,0
Andorra,12.98333333,40.33333333,6.906666667,2.043333333,2.566666667,1.36,1.686666667,1.35,0.88,1.073333333,1.406666667,2,12.81,9.403333333,7.97,2.513333333,1.646666667,1.986666667,2.866666667,1.033333333,1.413333333,1.04,0.753333333,5.676666667,1.04,0.89,5.796666667,1.895,39.81666667,2.415,1.2,5.19,1.666666667,18696.54,,72.87333333,0.36,36.61666667,49.77333333,11.77333333,8.31,543.58,8517.31,88.29,38.94666667,108.4866667,122.9133333,811.73,655.2433333,1699.426667,1301.833333,4327.903333,4050.916667,2801.596667,2.843333333,0
Angola,18.92,64.25,8.255,2.2,1.75,3.93,1.95,1.42,2.49,2.58,1.54,3.68,5.46,8.61,16.6,4.5,0.76,3.47,3.34,2.5,2.17,1.18,0.48,10.02,0.78,0.79,2,0.59,31.78,1.67,1.67,8,0.33,22541.71,23628.3,30.78,0.1,192.23,40.05,28.35,4.84,929.37,2705.62,95.95,150.31,267.21,208.25,220.39,80.85,6880.05,346.62,5421.61,3448.79,1428.77,25,0
Anguilla,8,170,10,4,4,5,3,3,1.74,3.5,2.22,2.22,22.05,16.26,32.63,,2.04,2.45,4.89,,,,1.11,19.53,1.85,1.85,,,,25,,,1.72,45000,,225,0.15,77.5,45,,,150,5168,,,,,800,800,2000,1750,,,1500,,0
Antigua And Barbuda,5.55,92.51,8.33,3.89,3.52,4.44,2.22,1.11,1.85,1.97,1.3,3.95,7.4,6.29,16.65,12.24,2.04,5.55,4.63,3.7,1.85,3.45,1.36,11.1,1.96,2.22,4.44,1.02,,5.55,5.75,19.98,1.14,23681.34,20721.17,129.51,0.3,69.93,55.5,37,6.11,175.76,,,,,,,,,,,,,9,0
Argentina,6.476666667,27.82428571,5.28,1.503333333,2.122857143,1.593333333,1.117619048,0.904761905,0.760952381,1.083809524,0.885714286,1.413157895,5.712857143,3.681052632,6.3675,1.424285714,1.186190476,1.078095238,1.394761905,0.6805,0.772380952,0.992631579,0.897894737,2.8185,1.100526316,1.806842105,2.061111111,0.3725,18.179,1.094117647,0.911176471,5.914666667,0.9,24606.51611,23450.89278,50.38473684,0.160588235,21.2095,21.869375,13.45571429,4.156842105,148.4857895,3994.422,52.1755,41.45333333,106.394,85.75421053,211.9077778,181.8005556,426.9033333,335.8855556,2172.734,1601.272667,442.9282353,43.64277778,0.074074074
Armenia,5.625,31.68,5.848333333,1.23,1.798,1.796,0.825,0.418333333,1.145,0.503333333,2.153333333,1.838333333,6.385,5.556666667,8.866666667,1.182,1.725,1.682,1.494,0.632,0.694,0.584,0.624,6.75,1.064,1.584,1.724,0.25,12.94,1.19,0.258333333,2.7,1.201666667,23760.89,28265.9475,97.96,0.05,17.17,56.66333333,10.735,5,159.264,7704.28,66.98833333,50.012,93.19833333,82.04,580.2866667,404.4333333,1185.883333,794.88,1530.013333,757.0733333,370.24,12.90666667,0.166666667
Aruba,12,68.33,8.5,3.75,2.36,2.47,1.69,1.56,1.87,2.54,2.48,3.6,13.15,10.07,13.32,5.24,3.42,3.45,6.06,2.16,2.09,2.87,2.87,9.78,2.76,2.64,8.47,2.5,50,12.49,2.77,,1.25,22191.4,31098.78,190.43,0.24,68,71.64,42.02,10,197.22,10737.4,80.83,38.89,109.2,113.15,770.54,630.32,1325,1145.35,3198.84,47896.3,1509.46,7.12,0
Australia,14.978,62.07472727,8.662,5.525925926,5.526603774,3.138727273,2.402909091,1.930727273,1.164363636,1.861090909,1.765555556,3.260727273,7.468181818,7.61462963,13.99075472,3.066666667,2.620188679,2.727692308,4.9,2.25462963,1.951111111,2.158703704,1.616,10.5975,3.998039216,4.263137255,23.30056604,2.804054054,78.0064,2.913877551,1.468444444,30.42288889,1.330784314,19841.14553,18081.73625,144.9102381,0.304705882,51.8587037,47.19146341,13.17967742,12.05672727,1421.626563,11356.51063,66.41722222,36.25137255,92.76944444,97.049,1206.624167,912.9308824,1815.579167,1543.185714,4855.502174,3544.832727,3494.016667,3.412564103,0.234375
Austria,14.80071429,56.97928571,8.510714286,3.931538462,3.94,3.307142857,2.905384615,2.340833333,1.213571429,2.017142857,2.127692308,3.104285714,16.38384615,10.89714286,17.93846154,2.688461538,1.938461538,2.513846154,2.952307692,1.678461538,1.475384615,1.359230769,0.725384615,5.990769231,1.17,1.703846154,5.911538462,2.378,47.84777778,5.178,1.853,28.596,1.877272727,24397.09273,20455.74,232.9941667,0.094545455,33.66,41.11363636,21.44888889,13,470.6736364,8690.827,89.59833333,36.1225,86.02833333,110.77,710.0384615,607.8058333,1256.976923,1074.863636,5695.419,4320.849091,2224.756923,1.938461538,0.428571429
Azerbaijan,5.159090909,18.972,6.533333333,0.948181818,1.65,1.958,0.437272727,0.22,0.941818182,0.337272727,1.185454545,1.207,3.052727273,3.086363636,6.106363636,1.037272727,1.584545455,1.271818182,1.137272727,0.509090909,0.396363636,0.535454545,0.462727273,3.406363636,0.964545455,1.480909091,2.833636364,0.18,10.41833333,0.842,0.39,4.469,0.582727273,16264.78,21372.64375,44.88,0.039,14.20727273,20.34888889,16.24,3.267777778,156.6333333,4623.276,29.042,29.172,85.97333333,50.20111111,149.41375,100.9025,260.4125,181.5725,751.585,409.2533333,269.41125,9.398,0.090909091
Bahrain,5.436666667,43.32333333,5.79,8.84,9.723333333,4.08,0.753333333,0.386666667,1.486666667,1.16,2.346666667,4.073333333,5.823333333,8.05,9.356666667,2.126666667,1.973333333,1.693333333,1.536666667,1.333333333,0.983333333,2.05,0.546666667,27.41,1.97,4.603333333,5.66,0.776666667,31.97,3.8,2.476666667,7.96,0.46,25640.48,19411.21,167.7666667,0.083333333,59.38666667,82.03,49.735,8.84,358.82,9110.476667,43.43666667,50.46,87.75666667,92.20666667,918.1633333,555.3966667,1698.313333,1237.816667,2629.255,1707.525,3434.33,6.813333333,0.333333333
Bangladesh,1.9325,7.18,4.894545455,3.649,6.160909091,1.559090909,0.254166667,0.131666667,0.635,0.410909091,0.520833333,0.9725,7.075454545,1.7825,5.151666667,1.4425,0.614166667,1.471666667,0.573333333,0.246666667,0.526666667,0.260909091,0.23,4.681,2.224,4.72,2.686666667,0.39,12.92,0.685,0.409,2.085714286,0.865454545,38389.982,26986.63556,29.98,0.011818182,29.71181818,10.55,6.6775,4.096666667,35.216,1131.952,17.04583333,18.285,35.14333333,30.66916667,76.20727273,48.52416667,161.4566667,102.02,546.6333333,281.2916667,199.178,9.761,0.166666667
Barbados,18.75,95.11,8.97,3.25,5,4,1.52,1.28,3.28,2.71,3.6,4.61,29.29,9.42,12.21,2.78,2.62,3.39,3.15,2.94,3.22,2.48,1.92,15,2.13,3.17,7.96,1.75,36,10,1.88,25,2.1,37500,39166.67,100,0.37,50,73.12,11.25,10,241.67,5333.33,77,60,134.38,118.75,540,450,1700,1187.5,1706.08,,1333.33,6.17,1
Belarus,7.92,32.68272727,4.419166667,1.105833333,2.143333333,1.5275,0.715,0.485833333,0.7275,0.618333333,1.135,1.311666667,6.764166667,4.05,6.586666667,1.36,1.813333333,1.8225,2.233333333,0.749166667,0.748333333,1.200833333,0.644166667,5.779166667,1.0525,1.896666667,1.715,0.385555556,14.015,1.021666667,0.5,4.485,0.875833333,18840.6,25133.52636,62.96818182,0.047272727,13.37090909,28.78,14.72,4.127272727,775.8427273,7358.18875,57.77545455,33.18181818,83.56,81.42090909,225.7166667,156.21,391.0133333,305.3716667,984.5483333,705.0083333,444.7114286,18.54909091,0.166666667
Belgium,16.33105263,71.97184211,9.367105263,3.887631579,3.668421053,2.926153846,2.427631579,2.251315789,0.914864865,1.831081081,1.953243243,2.524864865,11.93054054,9.189189189,14.81324324,2.224594595,1.650555556,2.162285714,2.219444444,1.436111111,1.213055556,1.0525,0.725555556,6.341891892,1.420294118,1.865142857,7.555945946,2.679333333,45.2552,4.990909091,2.227931034,34.29428571,1.911944444,24705.87056,25523.23382,164.9051351,0.224571429,46.66736842,29.52166667,18.21470588,10.45447368,497.9625806,15903.6663,90.28447368,42.74315789,88.58078947,118.4960526,765.8358621,628.3675,1144.228235,932.9685294,3390.170385,2842.9956,2320.216,1.745135135,0.153846154
Belize,5.88,31.834,6.582,2.044,3.338,3.324,1.064,0.746,2.334,1.708,2.05,2.016,9.034,5.186,4.643333333,3.3425,1.122,1.125,2.214,1.84,1.616,2.182,1.3,15.872,1.714,2.52,4.3275,1.6175,26.73333333,3.182,3.384,12.7725,1.6875,28206.21,24464.06667,79.648,0.308,74.792,41.19666667,9.92,8.32,165.94,,36.61,25.952,72.202,81.676,344.775,258.005,697.97,467.315,601.7666667,945.61,822.9233333,10.3125,0.2
Benin,3.17,26.13,4.75,0.95,2.77,3.96,0.65,0.49,1.6,1.43,1.2,1.89,2.85,4.39,5.34,2.47,1.05,0.99,1.49,1.23,1.43,0.44,1.06,3.56,0.89,1.46,0.87,1.58,,2.22,3.96,1.58,0.86,,22168.77,24.25,0.1,46.51,63.34,9.5,3.17,197.94,5119.93,7.92,7.92,7.92,43.55,192,148.45,494.84,249.4,,,209.81,5,0
Bermuda,29,150,15,9,10,5.61,3,2.43,4.24,6.85,6.68,5.16,15.24,20.94,23.71,12.94,6.79,10.46,9.62,8.46,6.63,5.86,3.47,23.5,5.1,6.25,17.62,4.5,69,6.5,3,43.9,2.25,39000,36000,271.65,0.4,142,168.57,50,13.5,1201.6,24666.67,90.75,55,142.5,141.33,3250,2050,6666.67,4325,10381.96,5690.98,5973.81,6.5,1
Bhutan,3.06,18.36,3.06,9.99,2.45,1.32,0.47,0.16,0.83,0.63,0.736666667,1.98,4.9,3.386666667,4.243333333,2.94,1.35,2.33,0.83,0.576666667,0.66,0.49,0.34,3.57,0.8,1.463333333,5.506666667,1.87,15.31,0.98,0.15,5.17,1.11,15300.28,24480.44,33.86,0.04,19.72,71.42,27.74,3.67,43.88,795.61,29.03333333,16.72666667,40.8,48.28,131.43,101.005,177.54,189.785,2843.995,122.4,439.9966667,10.33,0.333333333
Bolivia,2.746,13.736,6.074,2.112,2.516,2,0.838,0.662,0.901666667,1.873333333,0.995,1.698333333,4.838333333,3.063333333,5.203333333,2.156666667,1.148333333,1.436666667,1.098333333,1.205,0.906666667,0.583333333,0.988333333,5.035,1.64,2.296,2.333333333,0.301666667,20.532,1.423333333,1.266666667,5.883333333,0.668333333,14647.2,18994.364,38.67666667,0.225,53.53,39.615,10.82,6.735,135.7983333,1987.421667,32.48166667,35.228,49.69666667,46.665,315.445,191.46,454.6525,330.39,985.3975,724.4025,376.3225,6.72,0.285714286
Bosnia And Herzegovina,4.463076923,22.13846154,3.668461538,1.486923077,1.578461538,1.148461538,1.341538462,0.853076923,0.807692308,0.722307692,1.27,1.836153846,6.22,5.808461538,8.716923077,0.958461538,1.345384615,1.436153846,1.286153846,0.684615385,0.842307692,0.790833333,0.57,5.064615385,0.763846154,0.957692308,3.18,1.183333333,22.871,1.033076923,0.660769231,6.536666667,1.399230769,20902.0625,20180.08583,137.3592308,0.104166667,23.2475,19.65307692,11.44363636,3.414615385,139.9069231,3015.3125,53.93461538,28.31384615,70.07538462,77.80692308,160.565,119.201,280.669,214.737,1224.68,883.818,548.7330769,4.066666667,0.307692308
Botswana,8.97,32.67,4.29,1.356666667,1.536666667,2,1,0.47,1.086666667,0.603333333,1.276666667,1.663333333,6.1,5.216666667,3.693333333,1.803333333,1.243333333,1.626666667,1.25,1.193333333,0.936666667,1.086666667,0.766666667,5.906666667,1.22,1.46,3.51,0.48,21.68,0.486666667,2.31,3.075,0.826666667,15372.65,18038.85,53.99,0.11,32.91,29.825,7.075,6.66,135.085,5072.975,33.70333333,20.53,48.33666667,41.42,204.075,157.09,534.84,376.15,819.555,31706.1,721.4166667,9.96,0.333333333
Brazil,4.715986842,22.29695946,5.674965986,1.471744966,2.444722222,1.399459459,0.927039474,0.540810811,0.910516129,1.242236842,1.097320261,1.716624204,7.3594,3.636184211,7.186013072,1.432857143,0.968263889,0.893469388,1.396492537,0.906621622,0.887619048,0.613129252,0.620536913,6.148145695,1.095986842,2.141156463,2.18358209,0.862377049,37.98476923,1.137297297,0.771764706,5.753586957,1.212287582,18185.76238,23847.63556,71.272,0.269009901,18.01961039,20.94795276,21.74242424,5.363146853,222.8398485,4955.762844,39.82506944,35.85787234,63.45166667,50.20375887,230.2689516,157.3874615,435.0855285,314.4333051,1317.996053,894.785,362.8716949,9.730077519,0.13253012
British Virgin Islands,20,55,15,4,,5,2,1.43,2.2,3.95,6,,18,10,15,4.5,2.5,,7,4,3,,,7.5,5.5,2,2.4,5,0,50,,120,1.14,23000,19500,283.33,0.1,105.67,140,0,10,562.5,18000,85,0,110,140,1833.33,1433.33,4500,3500,,,2150,5.5,0
Brunei,3.095,28.955,5.045,4.73,2.46,3.48,0.73,0.57,1.42,1.63,1.75,2.11,11.165,6.725,14.91,3.81,2.18,4.11,4.63,2.01,2.26,3.67,0.88,1.82,3.75,2.18,8.01,1.27,21.84,3.28,2.185,21.84,0.38,21467.095,21066.975,54.87,0.2,90.375,53.09,13.645,5.1,210.68,11724.38,77.12,34.225,88.25,70.66,690.81,474.445,1157.21,994.69,1419.69,897.92,1606.53,4.24,0.5
Bulgaria,7.685,26.52033333,5.645,1.293666667,1.749,1.292666667,0.999,0.715666667,1.162,0.801724138,1.767586207,1.980689655,7.007241379,5.339285714,7.502962963,1.2872,1.424666667,1.219,1.75037037,0.711666667,0.726,0.748928571,0.521666667,4.7675,0.725666667,1.22,3.05,0.779545455,20.22428571,0.795517241,0.496333333,6.216071429,1.506206897,19457.84556,19374.06,109.5734483,0.151071429,10.833,20.1964,10.854,5.547241379,245.8351852,3315.286923,42.16769231,25.45655172,61.927,58.95444444,232.6836364,167.4104762,393.4604762,297.0647619,872.8809524,618.6736364,652.8864286,3.284666667,0.133333333
Burkina Faso,0.79,23.75,2.06,1.11,0.87,1.58,0.59,0.48,2.11,1.03,0.85,1.9,,6.33,4.13,1.95,1.21,0.93,1.27,1.66,1.13,0.21,0.78,5.54,0.91,1.48,1.58,0.32,14.25,0.48,1.03,6.33,1.03,,,95.01,0.26,35.31,27.71,3.96,1.98,68.62,14588.15,12.67,27.71,31.67,47.5,395.87,164.29,475.05,277.11,262.22,266.87,420.28,8.5,0
Burundi,1.94,21.04,3.27,0.58,2.46,2.18,0.44,0.68,0.8,0.68,1.28,2.67,8.06,7.18,6.61,5.48,0.68,1.29,1.13,0.6,1.14,0.81,0.81,19.35,1.13,2.58,2.42,0.24,14.51,0.97,0.97,2,1.16,9992.24,14988.35,17.87,0.11,22.24,14.67,3,,49.96,899.3,17.09,3,34.18,87.08,272.41,92.42,695.37,260.83,24187.89,7256.37,308.49,13,0
Cambodia,3.27,23.8,5.96875,0.925,2.39125,2.262,0.95,0.525,2.082,1.645,1.068,1.808,15.82428571,5.176,9.952,3.201111111,1.333333333,3.115714286,1.487,1.194,1.041,1.453333333,0.756666667,10.1,0.954444444,1.696666667,1.461111111,1.416666667,42.81,0.90625,0.721428571,5.285714286,1.168,45400,42850,75.78,0.03,35.209,65.48166667,10.75,5.5625,184.82,4790.625,23,18.53333333,61.15375,37.55375,399.0385714,229.2528571,871.6757143,557.1757143,1879.833333,911.166,275.31,11.41666667,0.1
Cameroon,2.601428571,20.35714286,2.432857143,1.041428571,1.48,1,0.718571429,0.384285714,2.028571429,0.55,0.94,1.707142857,16.85,4.198571429,4.471666667,2.79,1.071666667,1.046666667,1.02,1.27,1.013333333,0.501666667,0.596666667,4.75,1.003333333,1.475,1.61,1.578,7.92,0.4,0.4,3.301666667,0.997142857,19265.72,5480.613333,73.74,0.128333333,40.32285714,24.21,9.054,6.336666667,161.645,1078.278333,22.96833333,28.16833333,43.99166667,69.49833333,108.6,70.20166667,328.785,190.2383333,967.6866667,260.2175,224.765,6.795,0.285714286
Canada,15.59962264,62.48522936,8.746637931,4.794298246,5.724336283,3.305087719,1.761052632,1.485130435,1.982773109,2.26697479,3.50042735,2.994285714,11.20807339,10.56417391,13.71740385,3.47,1.509913793,3.534210526,3.633596491,2.412280702,2.389017857,2.120683761,1.794122807,12.36878261,2.4031,3.048514851,11.78964602,2.299716981,66.03711111,3.145535714,1.640186916,26.372,1.470701754,20491.65524,19214.47774,137.8802609,0.27254902,63.84068376,43.255,17.10258065,10.0675,778.7495146,13643.95581,50.61345133,36.35037383,79.96035714,101.233945,1100.946509,1001.993269,1866.465283,1680.677647,5172.409016,3995.170169,2970.08175,5.254,0.391666667
Chad,3.17,31.67,12.67,1.27,1.58,1.72,0.87,0.63,1.7,,3.56,1.81,,,7.92,5.15,1.5,3.96,1.32,1.43,0.95,0.63,1.06,13.46,1.58,,1.9,,,,,,0.82,9184.21,17418.32,237.52,0.2,73.9,126.68,102.93,4.75,29.29,1583.48,31.67,87.09,43.55,126.68,1103.64,129.32,,232.24,158.35,63.34,277.11,,0
Chile,6.4244,36.30916667,5.2648,2.6425,3.15375,2.398,1.282,1.02,0.9684,1.076,1.2,2.3748,7.8192,4.474,8.4952,1.4524,1.1612,1.352608696,1.443478261,0.954347826,1.12173913,0.8484,1.0292,4.414347826,1.0948,1.7848,4.6128,0.616315789,37.70428571,0.555454545,1.3428,9.934166667,1.1284,13798.83409,15296.4019,99.75954545,0.087916667,24.3584,36.89777778,17.19928571,5.197916667,261.0808696,4449.785909,38.4656,25.07826087,48.448,58.10956522,378.9827778,326.4683333,646.0905556,540.6666667,1627.939167,1375.35,622.724,4.501363636,0.111111111
China,3.318901099,20.68322581,4.899411765,1.122790698,2.464022989,3.244950495,0.456666667,0.289292929,1.8168,1.538541667,0.900606061,1.647159091,12.47098765,3.677708333,11.28835052,1.6641,1.259156627,1.519387755,1.123854167,0.754646465,0.828631579,0.610412371,0.6242,11.48741176,0.756435644,1.864536082,3.014468085,0.317413793,20.12403846,1.370465116,0.313333333,5.055421687,1.166829268,19981.94562,18728.22506,51.2671875,0.024222222,11.7444898,38.80229508,12.86320755,5.837623762,443.0145783,15083.23373,53.03052083,31.93274725,79.700625,79.69898876,350.4482456,227.7784483,783.1405,444.0773684,5509.874667,2892.247455,818.4354688,4.986179775,0.161904762
Colombia,2.418461538,14.4924,4.5984,0.9068,1.498333333,1.081666667,0.5408,0.427916667,0.782608696,0.678846154,0.597692308,1.4275,2.508846154,2.8336,3.695769231,1.5684,0.587083333,0.7212,0.764,0.553076923,0.606538462,0.490769231,0.506153846,5.718846154,0.638461538,1.020384615,1.512608696,0.503333333,22.04947368,1.078461538,1.1192,3.921153846,0.504615385,12002.7375,14994.1516,48.86653846,0.04,22.04192308,16.0424,9.313888889,2.836,92.83083333,2435.500952,35.76807692,22.48192308,49.5744,39.09833333,171.03,152.7915789,299.3104348,271.2655556,1556.236111,1334.543889,270.8495652,11.65916667,0.307692308
Comoros,,,,,,,,,,0.21,0.42,2.39,,2.29,5.19,6.23,0.46,0.52,1.04,1.04,2.08,1.56,0.62,7.79,,3.12,1.56,,,,,,,,,,,,31.91,,,,,,,,,,,,,,,,,0
Cook Islands,9.32,49.71,9.32,3.57,4.19,3.73,2.33,1.55,1.86,3.67,1.86,5.28,12.43,8.7,11.18,3.11,1.86,3.73,9.94,3.11,2.49,2.49,3.11,15.53,,4.66,,,,,,,,,,124.26,0.62,,,,,,,69.59,,,76.42,161.54,161.54,236.1,236.1,5350.27,528.12,,,0
Costa Rica,6.15,35.25,7.255,2.14,3.12,2.58,1.365,1.165,1.23,1.415,1.135,2.325,8.155,7.97,10.19,3.67,1.16,3.07,1.795,1.8,1.765,0.795,1.96,12.095,1.785,2.295,3.885,0.9,49.515,1.045,1.055,6.23,1.16,24939.59,25510.18,55.07,0.065,48.175,40.51,30.335,5.74,320.83,5606.795,51.625,36.725,95.635,76.655,372.445,273.15,692.635,566.385,1318.87,1027.545,796.915,11.865,1
Croatia,7.618636364,34.42818182,5.527727273,2.313181818,2.550909091,1.51,1.91,1.365454545,0.949545455,0.994545455,1.74952381,2.260454545,7.895238095,7.535238095,9.603333333,1.218095238,1.403333333,1.378571429,1.768571429,0.707142857,0.740952381,0.88047619,1.002857143,5.163809524,1.247142857,1.582857143,4.382857143,1.473333333,34.986,2.505714286,0.767619048,6.418333333,1.520909091,21777.0795,21896.96842,152.6268182,0.106,23.56238095,35.575,10.03352941,4.760454545,124.6759091,3786.677692,64.44227273,30.57619048,66.76409091,69.94045455,332.8011111,255.4915789,555.5522222,429.1583333,2318.55875,1722.67125,861.2306667,3.924285714,0.318181818
Cuba,7.388888889,26.95555556,6.142857143,2.422222222,2.381111111,1.69375,1.846666667,1.123333333,3.566666667,1.02875,1.411111111,1.936666667,5.024444444,6.131111111,9.576666667,7.473333333,0.802222222,1.044444444,1.426666667,1.6,2.217777778,0.63125,1.294444444,7,2.075,1.815555556,3.611111111,0.3,20,1,0.6,15,1.283333333,75000,72083.33333,31.08333333,0.21875,148,12.55666667,9.375,1.075,70,15166.67,46.94444444,39.62777778,68.42777778,55.67777778,276.665,222.5,1112.5,730,490.89,268.23,189.7916667,5.73,0.111111111
Cyprus,13.5,49.33428571,7.142857143,3.144285714,3.635714286,3.204285714,1.725714286,0.845714286,1.531428571,1.52,2,2.8,8.935714286,6.9,9.505714286,2.09,1.478571429,1.488571429,2.248571429,0.934285714,0.845714286,0.568571429,0.787142857,6.097142857,1.211428571,2.027142857,4.702857143,1.733333333,41.55,6.177142857,1.188571429,20.77285714,1.53,20800.71143,20830.81571,148.4814286,0.12,32.94857143,52.638,24.964,9.275714286,307.8914286,5715.25,71.68,35.22,80.45857143,95.67285714,643.9257143,506.7771429,1174.184286,980.67,1935.684,1384.202,1417.205714,2.73,0.571428571
Denmark,17.354,85.896,11.146,6.758,5.797,5.028,3.387,2.687,1.538,2.587,2.154,3.884,10.315,10.232,13.872,2.83,2.888,3.029,3.449,1.755,1.53,1.675,1.275,8.869,1.687,2.207,7.904,3.78625,74.02375,6.507,1.881,61.555,2.078,37927.093,38826.076,174.635,0.115,33.748,34.79625,26.85,14.82,398.762,5382.613,88.871,40.38,94.265,138.907,961.434,692.426,1649.314,1214.393333,4279.115,3003.775,3130.0225,1.676,0.5
Djibouti,9.17,66.68,8.89,5.56,6.95,1.88,0.665,0.94,3.06,2.22,1.85,3.45,19.82,10.09,9.45,3.89,1.67,2.22,1.67,1.25,1.43,,0.74,7.78,2.22,3.33,1.39,0.42,305.62,2.78,2.78,16.67,1.43,11668.99,11113.33,319.155,0.17,36.86,63.35,19.45,13.89,138.92,6149.37,20.74,24.08,59.27,61.12,805.72,570.36,1847.59,590.4,1583.65,1027.98,513.99,5,0
Dominica,5.55,60,5.55,1.85,1.85,2.48,1.57,1.49,5,2.13,1.34,4.44,11.1,4.63,8.14,8.3,2.96,4.44,6.66,3.98,2.22,1.79,1.91,8.51,1.99,1.85,7.4,1.3,14.8,7.4,2.3,92.51,1.14,24051.36,25901.46,46.25,0.32,64.75,62.9,37,9.25,141.84,,67.07,37.93,148.01,127.19,345.2,235.89,1202.57,790.92,120.26,48.01,487.69,25,0
Dominican Republic,5.75,39.32833333,6.805833333,2.7275,3.981666667,2.155,1.21,0.712727273,1.230833333,1.753333333,1.341666667,1.880833333,8.84,5.013333333,6.89,2.281666667,0.862727273,2.313333333,1.668333333,1.1675,2.163333333,0.849166667,0.795,7.909090909,2.193333333,2.984166667,4.673333333,0.883333333,33.68666667,4.7475,2.275833333,4.18375,1.215833333,23779.81333,28095.1,68.12272727,0.191,52.36666667,28.486,17.985,5.188181818,215.18875,4674.568,45.42,81.26181818,77.09444444,81.26222222,331.68125,211.5977778,543.49,468.4728571,1082.916667,636.8075,340.1657143,10.333,0.076923077
Ecuador,3.273076923,29.11538462,5.958333333,2.192307692,3.399230769,2.245384615,0.786923077,0.6,0.974166667,1.629166667,1.425384615,1.99,4.520833333,5.368181818,6.1025,2.013333333,0.98,0.9625,1.106363636,0.96,1.040833333,0.607272727,1.088181818,8,1.448181818,2.306666667,5.24,0.331111111,20.414,1.545454545,1.547272727,10,0.69,22998,27550,48.51416667,0.124166667,40.14538462,34.63333333,17.098,5.381,197.7916667,6623.951111,51.10916667,47.21272727,96.8325,77.53181818,334.3571429,238.55375,594.8625,426.1077778,1205.668333,945.2583333,525.7844444,9.948,0.230769231
Egypt,3.004761905,13.08142857,3.382857143,1.338421053,2.071578947,1.10047619,0.256190476,0.15,0.655714286,0.391,0.567619048,1.1,2.282380952,3.2685,6.618,0.9485,0.5675,0.395,0.3195,0.3075,0.247,0.196190476,0.238571429,7.621052632,1.125263158,1.748888889,1.87,0.163333333,7.631333333,0.392,0.2595,1.1055,0.322857143,17760.89833,16390.2005,26.548,0.014285714,12.4055,15.74,6.034666667,3.325555556,51.43368421,1626.928421,18.84894737,29.61,83.05157895,29.321,108.798125,64.02533333,199.038125,128.7375,457.449,261.7357895,144.7066667,12.36,0.19047619
El Salvador,4.05,21.45,6.375,1.375,2.55,2.95,0.67,0.565,2.2,2.12,1.535,1.8,7.145,3.45,9.97,3.14,1.6,2.1,2.485,2.375,2.095,1.08,1.06,12.25,1.25,2.1,3.81,0.25,,6.5,3.05,3,0.985,18000,21383.68,57.26,0.165,39.25,31.67,22.5,4.25,68.75,2753.33,46.25,36.5,85.385,116.925,633.33,483.33,966.67,750,1068,975,380,14.17,0
Equatorial Guinea,12.67,43.545,19.79,1.78,4.195,4.38,0.985,0.99,2.005,2.84,2.345,1.845,8.71,5.465,6.135,5.805,2.175,5.145,3.165,3.685,3.365,0.865,1.54,4.75,,0.515,1.9,1.58,43.66,0.71,0.71,6.33,0.925,21733.31,31758.35,45.92,0.33,237.525,82.475,27.62,7.16,67.3,1718.48,45.525,73.9,226.965,106.885,277.11,154.39,613.6,336.49,,,316.7,,0
Eritrea,11.4,20,2.67,1,2,1.06,1.56,1.57,1.45,0.5,1.87,4.8,,,10,4.33,1,1.89,1.44,1.56,1,0.67,1.58,,1,1.33,2.5,0.22,,0.67,0.67,6.67,2.17,,,30,0.1,,,10,1,25,750,30,30,,40,650,600,850,750,1038.2,1337.96,1060,,0
Estonia,7.355833333,45.56,6.005833333,3.8925,3.548333333,2.486363636,1.632727273,1.143636364,0.745833333,0.7575,1.4625,1.649166667,7.091666667,5.109166667,11.72666667,1.400833333,1.152727273,1.765833333,1.79,0.7075,0.771666667,1.348333333,0.82,8.006666667,1.42,1.792727273,5.06,0.872222222,11.98444444,2.485833333,0.818333333,15.27,1.64,20313.22833,19657.04583,204.5058333,0.055,23.19583333,40.97090909,23.13888889,6.196666667,119.411,10332.84083,83.13,28.881,70.25909091,94.275,300.4781818,237.4445455,533.3945455,430.757,1729.61125,1324.738571,1061.615455,2.405833333,0.166666667
Ethiopia,5.16,20.646,3.84,0.77,1.1375,0.69,0.49,0.308,0.855,0.83,1.79,1.9975,7.1275,7.6325,8.0275,3.6175,0.84,1.5675,0.7275,0.56,0.81,0.485,0.4675,7.7975,0.9375,1.2275,2.55,0.1925,9.375,1.46,0.925,4.666666667,0.68,34000,35065.23667,164.165,0.015,234.39,43.0625,20,2.8375,102.825,21777.78,23.615,49.705,53.2775,36.9725,417.9725,223.25,1764.363333,618.525,1053.59,697,214.7366667,15.27,0.166666667
Faroe Islands,20.7825,106.4975,13.62,5.8625,6.0725,3.98,3.135,2.34,1.77,3.803333333,2.14,3.72,13.04,8.38,9.78,2.95,2.813333333,3.103333333,3.35,1.166666667,3.256666667,2.79,2.19,12.57,2.89,2.89,9.08,0,0,8.38,,,1.493333333,37431.30333,42831.84,163.3166667,,46.56,52.845,13.97,13.97,300.285,1041.01,93.11,41.9,117.9466667,148.98,607.6833333,593.595,1301.405,1044.653333,3072.72,1369.87,3267.33,3.063333333,0
Fiji,3.75,33.76,6.45,2.513333333,3.75,2.68,1.05,0.84,1.21,0.433333333,0.986666667,2.593333333,9.05,5.333333333,5.24,2.446666667,2.016666667,2.046666667,1.75,1.026666667,0.963333333,0.94,0.62,8.4,1.696666667,2.373333333,7.5,0.75,29.06666667,0.716666667,0.523333333,4.14,1.246666667,18003.42,19634.98,52.59666667,0.133333333,25.03333333,20.19,3.6,3.6,166.8333333,6326.2,17.75333333,19.13,57.74,63.76333333,361.9433333,195.7633333,870.1666667,468.3033333,2475.47,1327.75,1221.49,5.87,0.333333333
Finland,12.55592593,77.10666667,8.683333333,6.241481481,6.23037037,3.873703704,2.397037037,1.624814815,0.957037037,2.027037037,1.987407407,2.374444444,6.907777778,9.894074074,15.31692308,2.131111111,1.738518519,2.033703704,3.44962963,1.074074074,1.491111111,1.816296296,1.425185185,12.4444,2.458846154,2.953846154,9.080384615,3.337037037,56.87814815,6.689259259,1.593703704,50.68,2.304615385,26336.79385,27262.28,131.2237037,0.073333333,22.59259259,38.19148148,24.52695652,14.04777778,310.7856,6016.048571,82.92115385,38.19423077,75.19333333,105.9257692,701.9176,575.4286957,1140.4892,866.3336,3533.04375,2249.026818,2582.625,1.356296296,0.222222222
France,15.4904,55.16101124,9.252916667,5.846,4.802045455,2.684315789,2.612359551,1.763406593,1.053854167,1.636526316,2.036458333,3.100721649,15.55722892,10.31622222,16.94810127,2.774148936,2.090425532,2.676847826,3.108842105,1.89673913,2.255425532,1.27,0.795869565,7.307446809,2.135365854,2.474605263,10.43408602,1.701595745,50.99564516,3.030789474,1.780526316,26.81114286,2.030941176,24621.14471,25311.185,163.765,0.173666667,29.52423913,36.90435294,15.2996,10.42122449,604.8370769,10445.42143,79.04391304,35.86322222,84.83141304,112.1568817,716.7307595,587.7710959,1344.846269,1045.51493,4893.732025,3906.091467,2399.010952,1.571891892,0.122807018
French Guiana,12.46,51.93,9.22,2.6,4.15,2.6,1.56,1.21,1.3,1.25,2.08,2.73,25.97,12.98,17.66,4.15,2.99,3.12,9.18,5.19,4.12,2.08,1.56,6.75,2.07,3.12,6.23,2.34,,10.39,2.6,,1.75,,,193.37,,68.38,41.5,,9.87,830.96,1038.7,51.93,31.16,114.26,103.87,766.04,709.78,1311.35,1428.21,2648.68,2492.87,2077.39,1.6,0
French Polynesia,15.67,52.23,11.27,5.22,2.61,3.42,2.43,1.04,2.5,2.27,1.9,4.64,10.86,12.62,15.67,3.65,2.45,6.94,4.84,4.83,2.22,2.96,1.42,16.45,2,2.61,15.52,0.96,26.11,13.06,1.13,21.76,1.23,22631.13,27853.7,188.59,0.17,95.17,71.81,,13.06,,870.43,71.08,58.03,81.24,107.35,899.44,638.31,2466.21,1827.9,8704.28,4419.66,1407.19,,0
Gabon,15.01,79.17,11.48,0.87,1.58,2.38,0.79,0.67,1.91,1.49,1.64,2.85,8.71,9.82,3.01,2.53,2.48,4.91,1.9,1.69,2.9,1.13,0.99,5.15,0.95,1.85,1.98,0.55,51.46,0.79,1.58,7.92,1.02,28502.71,24807.91,105.57,0.21,59.38,67.3,15.83,7.92,108.86,3562.84,37.61,60.7,61.76,82.34,851.12,464.49,2797.49,1689.05,13459.61,15834.84,455.25,22.67,0
Georgia,8.1875,29.29125,5.81125,1.34125,1.86875,2.005,0.69375,0.33875,1.55625,0.57,1.83875,2.1675,6.00125,5.3025,8.24875,1.1575,1.56625,1.435,1.3125,0.69875,0.63375,1.215,0.545,5.30875,1.14,1.6175,2.7225,0.2075,11.07,1.05625,0.46625,3.92125,1.2575,16420.66375,18923.74,74.27875,0.06125,16.495,35.98,15.025,5.745,163.2825,3569.141429,55.6775,36.54,98.45375,101.35875,370.31,282.9375,628.366,618.31,1295.966667,765.43,397.36,12.2275,0.25
Germany,11.60214286,52.40785714,8.628571429,3.760143885,3.511751825,2.989280576,2.440863309,2.170647482,0.983263889,1.818074074,1.978417266,2.612269504,12.10663866,7.518905109,15.02511811,2.534604317,1.703521127,2.211666667,1.298046875,1.535909091,1.07104,1.222519084,0.568425197,5.236884058,0.682713178,1.395114504,7.460507246,2.909689922,71.34704918,3.713230769,2.085901639,30.66865546,2.2304,25120.47537,25409.44922,244.9210219,0.119256198,35.58489051,34.13348148,22.03694118,11.68647482,316.2090984,11067.68575,74.30992908,37.03080292,83.32758865,106.5664029,701.6187069,544.2052033,1347.105517,1030.394322,5090.695412,3772.704157,2621.368125,2.064273504,0.265306122
Ghana,2.054,11.432,3.732,0.456,0.698,0.744,0.338,0.144,1.03,0.605,1.0175,0.968,5.735,2.3925,2.5,1.4625,0.835,0.8475,1.015,1.415,1.02,0.5275,0.4775,2.765,0.5025,0.7575,0.855,0.305,10.22,0.6475,0.595,2.9975,0.5175,5887.2575,4100.87,19.2425,0.053333333,22.4625,18.79,4.6,3.5925,61.3225,3542.398,7.5425,6.09,17.09,18.82333333,348.34,57.965,851.71,222.655,557.1433333,6334.13,187.8775,23.3325,0.2
Gibraltar,14.41,78.08,8.41,3.9,3.6,2.74,1.62,1.86,1.31,1.92,2.8,1.96,9.61,7.73,11.41,2.75,1.83,2.08,2.03,1.64,1.3,1.13,0.63,7.21,1.54,1.95,3.96,1.68,12.01,4.56,2.4,12.01,1.33,32281.62,32431.77,109.22,0.2,47.22,70.04,16.52,10.21,867.52,11210.98,118.24,45.42,110.86,90.09,1641.3,1388.5,3071.33,2597.54,8924.75,6071.64,3260.69,4.22,1
Greece,10.92138889,40.90181818,6.809166667,3.81,4.239722222,3.033888889,1.768055556,0.541388889,1.349166667,1.038333333,1.868857143,3.264857143,9.162222222,7.278,9.829166667,1.655714286,1.739142857,1.238,1.676571429,1.015428571,0.937941176,0.868333333,0.784285714,6.234242424,1.578823529,2.296176471,4.847714286,1.215833333,35.64454545,3.61,1.002333333,12.33689655,2.175428571,21191.92419,20924.42806,201.6654286,0.404444444,33.53147059,38.730625,18.83458333,8.109428571,337.609697,6706.066333,72.63545455,31.2296875,72.74,87.79454545,468.1941935,370.2103226,755.586,654.6353846,2396.731071,1941.058,804.560303,4.377931034,0.25
Greenland,18.855,71.37,15.88,8.73,11.38,4.305,2.67,2.41,1.72,3.07,2.79,3.385,32.12,13.27,,3.84,4.33,3.49,4.89,3.21,2.79,5.59,1.4,27.79,2.895,2.79,11.66,2.79,77.66,3.91,5.45,6.98,0.77,33450.73,20820.22,384.09,0.11,188.55,22.66,4.19,14.665,,,126.47,25.14,195.54,195.4,977.68,673.77,2141.59,1699.31,2908.88,14080.48,4190.07,,0
Guadeloupe,8.83,31.16,8.83,5.45,6.23,2.18,2.16,1.36,1.25,3.12,2.08,3.12,15.06,5.19,18.18,3.64,1.56,2.6,3.12,2.6,2.8,1.04,0.44,7.79,2.6,2.6,,2.08,,,,,1.42,19215.89,23256.42,155.8,0.21,57.08,31.06,,12.46,,,,,,,830.96,727.09,1246.44,1142.57,,,2188.53,2,0
Guatemala,5.21,29.88,5.876,1.892,3.062,2.334,1.026,0.76,1.538,1.804,1.528,1.736,5.072,5.954,8.386,2.82,1.062,1.882,1.278,1.4,1.392,0.834,1.132,7.916,1.466,2.16,3.404,0.683333333,14.75,3.766,0.712,11.8925,0.97,17557.236,21295.382,69.546,0.176,48.004,40.61666667,26.46,6.51,263.06,6090.832,44.92,56.218,88.616,90.118,383.0033333,383.1333333,950.16,487.4075,1149.04,553.68,520.8275,7.972,0.2
Guinea,5,30,11,2.37,5,2,1.37,1.2,2.1,0.75,0.73,2.6,14,6.5,9.33,2.8,2,1.75,2.3,1.75,1.75,1.5,1,10.5,1,3.5,1.5,0.9,15,0.5,0.1,5,1,,,55,0.12,100,25.34,,3.49,755,7000,20,30,50,50,540.38,300,1820.34,866.67,363.49,400,800,,0
Guinea-Bissau,2.58,15.02,2.23,1,2,2.38,1.13,1.28,1.58,0.24,0.79,2.14,,2.77,5.54,2.18,1.66,0.99,2.38,0.75,0.79,0.79,0.79,5.54,0.87,1.03,1.58,,,0.4,0.79,6.33,1.05,,,15.83,0.18,,71.26,3.96,1.58,,,87.09,55.42,79.17,102.93,341.22,189.1,325.8,433.38,1583.48,1345.96,1001.27,,0
Guyana,5.49,49.92,7.16,1.91,2.39,3.49,1.16,0.72,4.57,1.41,1.425,4,6.33,6.78,6.41,4.945,1.985,3.085,3.7,1.725,1.13,1.91,1.51,19.105,1.41,2.31,2.39,0.57,34.16,2.39,3.105,9.31,1.06,15760.36,17193.12,59.17,0.14,46.325,29.25,15.12,6.685,79.6,1554.145,28.21,46.165,71.64,62.88,329,200.32,594.33,371.46,3470.47,1139.52,397.25,8.62,0.5
Haiti,12.6,61.8175,13.75,4.5,6.125,2.5775,1.855,2.25,2.084,1.566,2.93,2.676,3.576,11,19.39,2.2725,2.275,2.92,2.586,4.372,2.68,0.985,1,7.2,1.25,1.375,2.075,0.5,41.21,,,3.83,0.66,35000,45000,103.7,0.0875,128.68,64.77,20,5,100,6867.8,66.6975,32.91,103.3925,150,523.86,354.725,1344.395,775.265,2960.08,1689.75,802.71,13.5,0
Honduras,4.49,27.741,6.734444444,1.475,2.791,2.007,1.04,0.737,1.107,1.645,1.455,1.966,4.299,3.979,8.945555556,2.76,1.116,1.558,0.864,1.285,1.432,0.952,1.264,8.709,1.173,2.071,2.57,0.716,39.13333333,2.3,1.67875,5.83,1.106,23765.94333,22523.755,137.001,0.184444444,86.40181818,32.524,17.9,3.978571429,191.112,3932.328889,44.024,33.78222222,68.486,77.87666667,329.812,230.798,706.714,470.862,807.65,717.8733333,566.7566667,13.08,0.090909091
Hong Kong,7.68,64.02,5.51,6.4,6.4,5.08,1.17,1.05,3.1,2.28,2.01,3.4,24.25,9.29,23.46,4.5,2.45,3.65,3.02,2.6,2.66,1.57,1.6,19.21,1.83,2.76,7.94,1.54,64.02,3.46,1.22,12.8,2.76,33289.98,32079.43,199.27,0.09,22.78,72.22,9.29,12.8,766.2,18650.92,82.2,40.35,87.38,134.44,2284.16,1629.08,4591.17,3015.71,31454.11,20810.27,3030.37,2.53,1
Hungary,5.843333333,29.83785714,4.756585366,1.3185,1.58675,1.381707317,0.995714286,0.795714286,0.702727273,0.925238095,1.110232558,1.720888889,7.695714286,4.071333333,8.93195122,1.211555556,1.188666667,1.346744186,2.496666667,0.835348837,0.795116279,0.918139535,0.308,3.444090909,0.723255814,0.966829268,4.623658537,0.833414634,20.7,1.833902439,0.8565,11.62125,1.188863636,17115.74308,18707.22744,129.2572093,0.073809524,12.06837209,30.95518519,9.447647059,4.7085,193.6382857,3894.302069,51.91102564,25.205,63.45611111,63.69714286,303.1848276,238.2727586,509.642069,392.9489655,1726.407407,1325.182593,747.3294872,5.85195122,0.222222222
Iceland,15.52333333,84.82833333,11.325,7.316666667,5.84,3.843333333,2.07,1.825,1.28,3.148333333,2.823333333,4.996666667,11.01833333,14.76166667,21.70833333,2.196666667,2.19,2.33,3.325,1.985,1.036666667,2.216666667,1.836666667,16.59333333,2.963333333,2.635,10.27,2.813333333,57.665,5.33,1.823333333,56.15833333,1.931666667,26285.13,28986.99833,102.33,0.185,60.925,55.76166667,29.87,10.22166667,262.5966667,2684.411667,115.3416667,51.07333333,143.91,167.5016667,1254.033333,1054.106667,1858.035,1727.88,3870.365,2871.44,2925.145,5.03,0.166666667
India,2.303525641,10.4786875,3.861863354,1.889937107,3.283533333,1.407922078,0.394938272,0.177484663,0.649515152,0.437865854,0.657730061,0.91597561,5.082922078,3.01516129,5.613445946,1.850738255,0.616956522,1.00716129,0.498333333,0.356533333,0.408209877,0.47822695,0.341411043,7.794421769,1.781156463,3.030661765,3.892137931,0.30826087,8.743652174,0.749577465,0.226266667,1.258712121,1.266794872,12802.03569,20966.14873,31.8047651,0.011134752,8.449308176,16.67389706,8.072477064,2.95224359,46.84825503,1341.367391,25.57798701,28.24889655,42.33517241,30.09357616,112.5899275,76.44109489,257.5665926,167.7332117,1370.63789,652.0093204,432.5620661,8.927712418,0.19760479
Indonesia,1.62825,12.64454545,3.082,2.604324324,3.426756757,1.53,0.531,0.25975,1.180833333,1.104722222,0.806216216,1.414594595,7.265517241,3.212285714,7.450285714,2.316666667,1.164,1.481111111,0.917142857,1.076571429,1.912777778,0.742,0.431578947,16.54185185,2.141071429,3.053103448,1.937428571,0.346551724,11.28555556,0.586333333,0.425862069,2.870384615,0.7575,26137.42786,25490.48097,49.44029412,0.111875,31.36371429,23.35807692,8.357826087,3.224864865,79.574375,6295.027308,35.91783784,26.24647059,58.88862069,59.07742857,198.1378571,117.5346429,439.5904545,272.593913,1229.194091,621.325,276.8888462,9.0975,0.175
Iran,4.666451613,27.9625,4.450344828,1.04,1.373870968,1.8865625,0.9184375,0.6096875,1.024705882,0.653,3.567647059,1.485588235,5.028787879,4.396176471,13.63794118,1.307647059,2.298823529,1.359117647,0.909117647,0.753529412,0.717058824,0.747352941,0.468823529,1.189,0.649655172,1.224827586,3.371212121,0.384,13.90666667,0.468888889,0.320740741,2.9188,0.453666667,62194.8488,74202.36556,32.44448276,0.029666667,21.28888889,29.7824,20.8975,3.878571429,124.7634615,1103.029583,52.49935484,54.58433333,229.8734375,115.02,842.6322222,550.4589286,1782.183077,1196.876538,1861.971143,1016.641515,421.1016216,20.00361111,0.162162162
Iraq,4.627272727,17.94272727,6.356190476,2.665263158,2.624375,2.115714286,0.454090909,0.250454545,1.14,0.825,1.599090909,1.698181818,4.365,4.001363636,9.405454545,0.975454545,1.015909091,0.990454545,0.635454545,0.598181818,0.557272727,0.597272727,0.522727273,10.40857143,1.743333333,2.886,1.909090909,0.494545455,28.994,2.373636364,1.717727273,7.351904762,0.452727273,16365.16929,18188.30471,83.80263158,0.095714286,35.56227273,26.30294118,13.94083333,8.404090909,109.6133333,1397.2095,26.58545455,24.88727273,56.341,44.68954545,283.2206667,175.32,477.486,315.56,1287.473571,520.6578571,792.6022222,10.81333333,0.136363636
Ireland,15.57545455,75.77909091,8.657727273,5.288636364,5.195,3.379545455,1.975454545,1.601818182,1.145,1.646818182,1.451818182,2.898181818,7.774090909,8.219545455,9.888636364,2.234545455,1.858636364,2.421363636,2.528181818,1.754545455,1.293636364,0.994090909,1.338181818,10.38681818,2.549090909,2.8,15.16545455,3.147142857,82.21285714,4.198181818,1.30047619,25.969,1.950454545,28872.65136,28179.47591,166.7686364,0.327142857,53.28318182,48.60263158,17.05272727,10.97045455,833.6642857,7995.601818,71.56954545,35.21454545,81.76363636,92.325,1213.1135,1060.348889,2179.172222,1790.747222,3645.288333,2796.465833,2530.125714,3.52,0.272727273
Isle Of Man,18.02,72.07,8.1,4.2,5.23,3.35,1.85,1.66,1.21,1.29,1.69,2.84,6.18,6.82,8.11,2.36,1.24,5.07,2.88,1.07,1.71,0.85,0.33,8.41,2.28,2.33,14.41,2.1,38.44,3.84,1.44,45.01,1.7,25428.91,26768.22,132.33,0.26,48.85,36.63,11.21,9.61,810.79,17116.77,48.45,34.11,44.68,49.49,998.98,840.82,1644.11,1283.76,2021.98,1881.84,4547.65,2.54,1
Israel,18.68617647,79.54823529,15.03764706,8.135588235,7.720588235,3.680882353,2.676470588,2.091764706,1.738529412,2.377575758,2.702727273,3.809117647,13.40454545,10.54454545,19.1530303,3.099705882,2.324242424,1.901818182,1.803529412,1.314545455,1.193939394,1.718181818,1.341515152,11.60147059,2.476060606,3.046363636,10.32176471,1.636451613,59.37777778,4.8803125,1.350666667,26.356,2.001764706,40399.6203,40015.87242,253.3782353,0.089310345,27.26,69.12733333,19.36652174,12.26029412,874.0494118,9172.12087,87.45970588,57.01176471,114.6708824,131.1036364,1008.466452,832.673125,1607.839375,1371.2375,6974.487419,6109.486,2507.468182,3.51030303,0.441176471
Italy,14.66,56.48224138,8.332748538,4.451812865,3.966331361,1.491485714,2.221242604,1.076647399,1.177125749,1.617168675,1.978658537,2.931585366,12.96776398,8.972962963,14.73380368,1.87791411,1.740903614,1.915432099,2.453733333,1.309192547,1.434842767,1.1334375,0.467664671,5.505857988,1.476606061,2.022546584,5.865722892,1.518791946,36.84352,5.568450704,1.56384058,28.62933884,2.106733333,24032.73622,25061.79623,178.6747468,0.174772727,28.61734568,48.15885906,20.90672414,8.838373494,411.1486395,8582.837129,73.85805031,34.88415584,85.0524375,107.1075316,572.9311667,451.2779817,1013.671333,747.2073451,2897.915941,1839.542549,1466.227086,1.806928571,0.194594595
Jamaica,4.78,38.24125,5.5525,2.23125,2.9175,2.74125,0.93875,0.75875,2.49125,2.40125,0.925,2.28875,12.8575,4.8375,6.16875,4.0025,2.17625,2.4425,2.0975,2.2575,2.15625,1.635,0.99,10.29375,2.03625,2.48625,8.26875,0.975,27.7175,1.03125,2.362857143,9.215714286,1.22875,34040.12625,27608.2875,92.4025,0.06375,36.7025,49.998,14.69666667,7.5775,150.0325,2461.15375,25.29125,21.1275,50.405,59.59,319.5766667,255.425,859.612,610.56,1694.04,5571.336667,682.54,7.4325,0.125
Japan,6.14109589,30.41479452,5.136760563,3.086527778,3.804,2.814857143,1.038169014,0.814788732,1.3604,1.502739726,3.844383562,1.712837838,12.854375,6.038,17.3546875,5.425820896,2.652424242,4.678571429,4.57140625,3.028461538,2.192424242,1.235285714,0.859130435,8.374444444,1.956818182,2.699672131,3.972727273,1.770612245,70.83648649,4.214714286,2.390862069,21.88888889,1.140972222,20379.61,16611.10847,163.4347826,0.31,33.96472222,58.18183673,19.71870968,12.01814286,302.6045614,11710.14636,41.27134328,29.77272727,57.88923077,89.72709677,551.0368,410.9896,1103.305094,787.810625,7811.36,4921.6964,2253.873409,1.530526316,0.093333333
Jersey,27.03,102.1,8.41,6.01,6.01,3.93,2.22,1.6,1.56,2.03,3.55,4.46,8.61,8.84,12.8,3.98,2.71,4.2,3.81,2.33,1.54,1.24,1.05,10.69,3.45,3.11,12.48,2.64,62.46,4.8,3.67,5.7,1.75,27987.42,28027.46,219.49,0.61,57.58,73.27,16.1,15.62,1906.87,17841.48,93.09,50.47,99.44,112.4,1626.21,1586.55,3055.49,2897.84,8211.24,9313.72,2826.07,2.76,1
Jordan,5.77375,25.99428571,5.90375,6.64,6.581666667,2.0025,0.555,0.355,1.425,0.49875,1.5425,1.7925,8.5625,4.28,8.95625,1.71375,1.4875,1.38375,0.7,0.84,0.71375,0.611428571,0.53,18.455,5.174,6.27,3.25375,0.655,40.2,0.70375,0.6775,8.661428571,1.15875,25136.00714,23890.44571,83.66142857,0.035,36.1925,39.8225,21.16,10.998,84.3875,3684.67,36.7675,47.2325,76.88833333,60.13625,216.9783333,184.38,379.2428571,291.8642857,669.798,505.4675,585.65375,7.166666667,0.111111111
Kazakhstan,5.511333333,21.71785714,4.546923077,0.943333333,1.304285714,1.458571429,0.579333333,0.347857143,0.717333333,0.282,0.834285714,1.064,6.207142857,3.267333333,5.232666667,1.156153846,1.298461538,1.457692308,1.369285714,0.440666667,0.345714286,0.693333333,0.414,4.624,0.716666667,1.242857143,1.306923077,0.186,11.48888889,0.921875,0.462,3.176666667,0.395625,16107.99308,21750.58286,44.79466667,0.030833333,10.178,29.40461538,9.456666667,3.773076923,131.7907692,6477.47625,52.44384615,34.46307692,64.91230769,80.45538462,213.2384615,147.0061538,446.2984615,301.5407692,750.4584615,549.5776923,309.4435714,14.675,0.1875
Kenya,2.989285714,20.09571429,5.484166667,2.159230769,2.485,1.760769231,0.441428571,0.376666667,0.610714286,0.446428571,1.078571429,1.475,11.316,5.200769231,4.24,1.539166667,1.081538462,1.58,0.877692308,0.686428571,0.796428571,0.644545455,0.59,7.396923077,1.782307692,2.389166667,1.89,0.74,29.362,2.040833333,0.952222222,2.613,1.045384615,12930.44889,13486.92333,24.26,0.029230769,37.72769231,29.0325,9.78,6.087272727,153.2922222,6411.98,13.70230769,21.55454545,27.81916667,32.27153846,142.4845455,104.1472727,402.611,242.5344444,1479.856667,803.5766667,370.24625,12.39,0.071428571
Kuwait,5.285,42.28,5.69,2.925,2.44,3.965,0.38,0.44,1.4,1.025,1.77,1.875,3.545,3.925,9.155,1.92,1.73,1.625,1.17,1,1.015,1.14,0.42,4.225,2.28,2.265,3.01,1.06,44.315,3.86,2.52,8.945,0.365,20977.59,17047.68,41.47,0.155,24.22,124.39,40.98,11.38,236.835,5149.925,51.525,51.19,94.32,104.4,755.31,537.49,1923.585,1243.165,5852.25,3089.72,2453.305,5.01,0.5
Kyrgyzstan,4.736666667,19.74,3.9,1.42,1.816666667,1.586666667,0.583333333,0.343333333,0.746666667,0.366666667,1.17,1.556666667,6.63,4.58,6.25,0.903333333,1.513333333,1.77,1.386666667,0.476666667,0.356666667,0.33,0.416666667,5.133333333,0.97,1.566666667,1.38,0.18,5.92,0.63,0.193333333,2.37,0.73,17567.89667,19936.60667,34.75,0.036666667,13.31666667,28.335,7.995,3.156666667,138.6666667,9060.3,20.92333333,30.59666667,47.51666667,52.45,298.345,158.115,603.625,332.275,762.51,698.965,252.265,16.83,0.333333333
Laos,2.35,22.035,5,1.015,2.125,2.05,0.735,0.45,2.785,1.515,1.78,1.965,20.94,3.82,11.33,4.865,1.85,2.665,3.09,1.935,1.665,1.74,0.665,17,1.04,1.68,1.845,0.68,5.94,2.5,1.49,5,1.14,59448.31,34793.115,95,0.1,102.02,34.22,22.99,5,,4490.81,93.14,50.63,124.25,44.78,559.01,228.82,1047.7,626.355,2493.1,297.7,312.04,10.12,0
Latvia,7.322,34.17333333,5.548666667,2.217333333,2.075333333,2.102666667,1.030666667,1.261333333,0.993333333,1.041538462,2.042307692,1.904666667,7.818666667,5.492666667,7.846,1.018666667,1.285,1.595714286,2.255714286,0.571428571,0.596923077,1.191,0.668,6.524666667,1.136,1.383,4.468666667,0.820909091,37.04285714,1.625833333,0.675,9.766,1.622666667,18185.66077,19296.55154,221.9866667,0.086666667,15.73733333,35.168,18.24142857,6.435333333,248.8815385,10969.02111,55.34928571,35.96230769,65.62333333,91.76266667,266.0058333,203.1425,414.0125,346.6733333,1013.4525,797.5190909,894.8475,2.527857143,0.133333333
Lebanon,10,42.5,7.683333333,3.318333333,4.47,2.111666667,1.308333333,0.501666667,2.593333333,0.573333333,1.501666667,2.378333333,8.99,8.173333333,20.22666667,1.653333333,1.113333333,1.313333333,1.418333333,1.251666667,0.903333333,0.971666667,0.666666667,9,1.553333333,3.61,3.381666667,1.4775,63.33333333,4.333333333,1.033333333,10.83333333,0.963333333,20333.33333,20221.42833,179.7283333,0.285,58.06,40.8425,20.46666667,8,257.29,4620.37,65.56666667,43.79666667,113.9883333,82.77833333,479.6875,274.5125,1181.945,801.825,1807.1425,919.055,601.79,5.878333333,0.166666667
Lesotho,,23.32,11.66,0.87,1.17,1.46,0.7,0.29,1.04,0.78,1.46,1.3,4.23,2.93,4.98,1.23,1.41,1.76,1.52,1.49,1.32,1.19,0.98,4.39,1.13,0.76,,0.47,,0.5,,17.57,0.83,20492.76,,58.55,0.12,45.38,27.32,2.93,4.39,32.2,702.61,38.06,19.52,48.79,52.5,292.75,173.7,761.16,395.22,,,1171.02,9.5,0
Liberia,12.5,45,10,2.5,3.5,3.67,1.5,2.67,1.4,1.43,3.473333333,5.33,15.22,8.246666667,41.52,16.16,10.18666667,8.413333333,10.60666667,11.24666667,8.48,9.25,1.3,5.666666667,2.333333333,5.466666667,3.333333333,3,17,3.5,0.47,10,1.04,5069.87,14457.43,216.1,0.35,49.87,66.5,5.75,9.75,132.44,1227.33,11.22,26.58,48.33,36.5,1312.5,158.33,2069.33,483,5000,2500,2592,5,0
Libya,3.27,18.406,2.864,0.683,0.58,0.497,0.453,0.209,0.824,0.275,0.809,1.242,4.976,2.989,7.545,1.504,1.005,0.78,0.599,0.648,0.609,0.548,0.25,1.48,0.564,0.674,2.205,0.97,21.08333333,0.92,0.921,3.881,0.033,16254.057,12693.858,32.936,0.029,28.73,18.912,10.94,4.835,44.239,843.371,23.383,27.012,33.931,53.89,145.196,88.134,270.22,163.11,895.645,5327.923333,295.074,15.5,0.166666667
Liechtenstein,24.116,95.978,14.368,5.07,5.684,5.11,4.192,3.35,1.738,3.598,2.11,7.368,14.6,10.256,24.31,2.708,3.91,4.6,4.76,2,2.2,2.04,1,15.85,2.05,2.11,9.51,4.68,75.31333333,1.69,1.09,7.248,1.74,29062.202,33873.786,192.71,0.16,53.54,78.815,29.325,19.02,237.77,12934.89,91.326,43.596,102.786,145.062,1238.74,986.6066667,2413.596667,1949.36,4953.086667,2381.963333,8222.5525,6.516,0
Lithuania,7.501111111,33.81333333,5.924117647,3.317777778,2.873333333,2.428333333,1.435,1.146111111,1.071666667,1.026842105,1.947777778,1.909473684,7.696315789,4.73,8.053157895,0.909444444,1.056315789,1.340555556,2.179411765,0.468235294,0.497647059,1.140588235,0.76,7.025294118,1.114210526,1.3,4.332777778,0.8525,25.91666667,1.017777778,0.638235294,9.741333333,1.620526316,20253.096,20070.185,160.5231579,0.073571429,11.49842105,30.615,18.768,7.48125,365.049,5198.684,67.62933333,40.394,74.17764706,90.83411765,361.8346154,236.3108333,638.4636364,447.625,1759.57,1211.089167,955.006875,2.345384615,0.157894737
Luxembourg,15.675,64.91625,11.685,4.41,3.9575,3.37375,2.685,2.60375,1.24,2.83875,1.56125,3.12625,14.86,11.79,19.86625,2.6075,1.625,2.59,2.72125,1.5525,1.7625,1.53,0.43,7.53,1.8725,2.58875,5.715,0,0,5.685,3.0675,36.35,1.43,25837.57875,25370.515,156.98,0.26,45.2275,45.66,28.435,12.955,839.6125,13725.6825,80.2375,44.44,94.455,130.485,1453.56,1271.366,2286.646,1985.64,9603.196667,7400.396667,3174.572,1.83125,0.125
Madagascar,2.185,13.57,5.185,1.205,1.38,1.0825,0.8475,0.5775,0.6875,0.47,0.6525,1.5725,8.276666667,3.985,4.12,1.24,0.405,0.9075,0.57,0.41,0.6425,0.293333333,0.54,6.133333333,0.8775,1.335,5.29,0.1875,5.9,1.15,1.16,4.6,0.986666667,18686.06,25873.01,42.09,0.05,58.76,29.67,6.52,5.75,203.15,5044.28,35.26,25.3,103.49,68.99,251.06,115.3933333,574.955,269.27,919.93,459.96,154.09,17.5,0.166666667
Malawi,3.693333333,29.55333333,5.173333333,0.833333333,1.623333333,2.22,0.836666667,0.373333333,0.723333333,0.663333333,0.866666667,1.136666667,17.34333333,2.503333333,3.223333333,2.293333333,1.243333333,2.23,1.49,1.033333333,1.26,0.316666667,0.556666667,6.903333333,0.856666667,1.213333333,2.89,0.48,44.19,3.213333333,0.323333333,0.96,1.056666667,26504.04,20721.34,43.37,0.056666667,154.21,22.65,6.265,3.89,191.6866667,6200.34,32.55333333,22.81333333,58.25666667,63.71666667,253.795,124.085,489.925,375.475,10376.75,867.405,409.61,20,0.333333333
Malaysia,2.377692308,15.9944,3.465,3.3596,3.722916667,2.318461538,0.561153846,0.3132,1.483846154,0.794615385,0.9744,1.329615385,11.52583333,3.7604,7.052307692,2.109583333,1.097083333,2.406666667,1.1968,0.7752,0.987692308,0.86125,0.532692308,13.95791667,2.27875,2.946521739,3.8708,0.626842105,18.70466667,0.87,0.59875,4.738181818,0.458076923,33159.08292,26534.8936,45.0844,0.0644,26.42346154,32.80157895,6.573125,3.356666667,140.516,5897.8116,44.2232,23.3556,57.215,55.0416,285.2611765,182.3570588,537.6616667,316.0327778,1448.89,911.1417647,702.1786364,4.0588,0.269230769
Maldives,7.285,26.01,8.94,3.25,7.8,2.51,0.96,0.32,1.355,1.28,1.24,1.345,9.13,2.785,8.03,3.37,3.33,3.49,2.64,1.11,1.1,5.96,0.44,8.78,1.95,14.63,6.5,0.65,21.46,1.63,1.63,8.13,0.93,45513.65,35760.73,158.49,0.06,102.49,74.77,4.23,8.29,154.01,3120.94,31.85,27.63,96.14,82.67,855.01,577.95,1712.18,1350.96,2401.03,2286.52,794.39,13.56,0.5
Mali,4.72,51.68,4.83,2,3,2.88,0.77,0.62,1.91,0.75,0.93,2.46,15.63,5.68,7.69,,1,2.5,3.39,1.02,1.02,0.33,0.91,4.52,1.65,1.84,1.5,4.67,,,,,1.22,50000,40000,267.24,0.21,29.27,63.28,14.53,6,,12000,,25,,125,1000,538.39,1348.09,886.07,,,109.58,12,0
Malta,15.21909091,67.40352941,8.563636364,2.707575758,3.5340625,2.341176471,1.895625,1.335,1.059117647,1.211176471,2.3665625,2.538235294,9.9278125,7.770909091,14.44294118,2.673939394,1.832727273,2.500606061,2.996060606,2.014545455,2.121515152,1.544242424,0.870588235,7.167941176,1.59,2.277878788,5.969090909,1.7768,26.30272727,5.996896552,2.077586207,26.89428571,1.440882353,23857.18677,27383.28161,101.3879412,0.2940625,36.18058824,60.34157895,22.65461538,10.56969697,369.8448387,7915.894444,76.45212121,44.43333333,87.11666667,110.0722581,824.0025,698.7457895,1513.910952,1128.809474,4048.45,3287.081875,1395.95875,4.163030303,0.088235294
Marshall Islands,15.2,44,12,9,4.5,2.58,2,1.5,2.35,2.8,1.6,2.64,17.13,7.25,15,6.9,2,2.42,2,2.42,2,3.16,2,12.5,2,2.63,10,2,100,1.5,1.5,30,1.55,12000,13000,533.33,0.25,71.67,26.67,20,9,,3250,47,45,49.5,63.5,1116.67,850,1716.67,1483.33,,,1050,,0
Martinique,9.87,62.32,10.36,4.93,0.51,3.64,2.25,2.18,1.04,2.35,2.07,3.8,25.92,11.37,25.97,3.25,1.45,1.99,3.8,1.77,1.95,1.41,0.65,5.19,1.47,2.02,10.91,1.51,45.7,,,,1.66,,,103.87,,36.35,31.11,,8.31,31.16,,103.87,,,,571.28,566.39,960.79,804.99,,4154.79,2596.74,,0
Mauritania,5.58,27.01,6.95,2.78,2.78,2.44,3.44,1.65,1.38,0.42,1.28,2.39,8.09,6.36,6.57,2.04,1.88,1.45,0.95,0.73,0.72,0.62,0.71,11.11,2.78,,2.67,0.56,31.33,0.97,0.41,5.6,1.09,56.02,10046.68,101.31,0.95,90.4,43.7,,4.75,105.04,9105.94,22.63,14.71,43.35,21.23,280.67,150.23,643.61,350.35,362.93,226.57,517.4,13,0
Mauritius,6.585,34.36,4.125,1.82,2.82,1.775,0.995,0.555,1.045,0.695,2.195,1.82,10.15,5.185,7.43,2.2,1.545,2.06,2.41,0.885,1.04,0.685,0.56,10.88,1.465,1.695,5.04,0.79,17.23,3.44,2.29,11.45,1.135,23911.8,27215.78,46.01,0.05,32.79,27.49,3.82,6.015,164.28,3459.335,52.235,35.345,72.735,71.02,229.1,190.91,515.46,378.005,412.37,566.37,532.65,4.96,0
Mexico,6.801097561,27.23892857,6.095,1.872592593,3.095822785,2.399638554,0.918795181,0.664939759,1.16,1.801851852,1.378125,1.824197531,6.098101266,5.839113924,9.813974359,2.528227848,1.134125,1.231125,1.314375,1.393544304,1.30278481,0.925263158,0.847160494,9.528181818,1.229873418,2.049240506,3.343414634,0.535526316,19.7209434,1.994096386,1.015921053,8.536623377,1.109642857,17736.40625,18463.52111,55.74730769,0.091216216,27.93857143,31.68407895,13.38985075,3.942409639,191.8715584,3602.953803,42.42925,32.81051948,77.49275,67.42658228,352.8535135,244.7467532,689.3957692,523.4493506,1109.760794,804.7698438,635.3701389,10.8524359,0.218390805
Moldova,2.773333333,31.435,3.452222222,0.936,1.256,0.978,0.676,0.443,0.757,0.371,0.923,1.385,7.133,4.249,5.494,0.637,1.264,1.321,1.269,0.456,0.406,0.855,0.534,2.158,0.765,1.03,2.202,0.216666667,10.4375,0.988,0.17375,1.502222222,1.198,15496.70625,16692.435,75.469,0.08125,8.809,19.53,9.4,3.87,183.2,3597.52625,48.41,30.59375,77.6225,79.38875,172.6875,112.83,297.4375,211.6525,689.53,474.6066667,279.0516667,7.905,0.1
Monaco,25.97,155.8,9.35,7.27,8.31,4.48,4.88,5.77,1.82,3.9,3.29,3.08,14.54,10.39,15.58,1.73,2.08,1.9,3.64,1.56,2.42,1.38,2,13.5,2.08,3.46,10.39,2.08,37.39,3.12,1.77,83.1,1.9,20773.93,21812.63,181.55,,56.78,545.32,20.77,10.39,,16619.15,82.4,32.2,141.96,326.15,5411.9,3462.32,27006.11,10733.2,81018.34,56435.85,5389.1,1.88,0
Mongolia,3.52,17.52,3.933333333,1.223333333,1.683333333,1.58,0.57,0.29,1.01,0.483333333,1.006666667,1.68,5.69,2.993333333,4.21,2.076666667,2.146666667,2.35,2.17,0.376666667,0.963333333,0.85,0.416666667,5.283333333,0.783333333,1.126666667,1.465,0.07,2.666666667,0.293333333,0.293333333,4.26,0.753333333,13697.43,14529.06,52.47,0.02,11.55,35.83333333,7.433333333,2.743333333,104.565,8414.14,31.095,21.77,56.135,58.945,183.6033333,118.3266667,385.0033333,256.8433333,1016.82,669.585,231.145,8.193333333,0.333333333
Montenegro,6.797272727,26.95727273,4.295454545,2.269090909,2.041818182,1.536363636,1.730909091,1,0.936363636,0.657272727,1.354545455,2.061818182,5.658181818,4.875454545,6.75,0.987272727,1.248181818,1.081818182,1.397272727,0.669090909,0.829,0.9625,0.641818182,4.925454545,0.847272727,1.297272727,3.867272727,1.224285714,29.496,1.185454545,0.953636364,6.65875,1.487272727,20046.844,21716.033,97.34818182,0.188181818,25.34909091,30.2025,9.15625,4.482727273,160.88,8327.378571,44.65818182,30.14454545,73.61727273,104.9881818,363.2177778,259.3688889,668.6766667,530.0811111,1851.701111,1283.945,593.7033333,5.084545455,0.181818182
Montserrat,9.25,46.25,5.55,,1.85,,1.85,1.85,3.31,2.24,2.04,4.44,,,,,,,,,1.48,5.55,,11.1,,,2.41,1.11,,7.4,0.19,,,11100.63,18501.05,84.18,0.09,71.04,,,,111.01,,,,129.51,,379.27,314.52,444.03,555.03,,,1665.09,,0
Morocco,2.6675,17.53068966,4.9365625,2.488275862,2.91483871,1.330645161,0.5,0.3125,0.6190625,0.448709677,1.100689655,1.151875,6.735517241,3.816451613,6.9615625,0.9828125,0.9103125,0.49625,0.501875,0.4140625,0.441875,0.313,0.5271875,6.243448276,1.732962963,2.167857143,3.3259375,0.465909091,13.5055,0.6071875,0.581666667,3.681666667,1.1284375,22354.69333,19691.06667,37.94,0.151935484,29.85354839,25.5948,19.24764706,5.107692308,91.06464286,2813.829231,27.25354839,32.32310345,59.10285714,51.55928571,219.8067857,135.6039286,383.2992593,232.4792857,1037.557273,617.7381818,356.942,4.904444444,0.28125
Mozambique,11.43,55.775,4.31,1.046,1.548,1.8925,0.936,0.69,1.564,1.162,1.51,2.092,17.53,4.24,5.73,2.05,0.97,1.3525,1.54,0.988,1.1,0.7525,0.78,14.09,1.032,1.708,2.35,0.23,13.17,3.52,3.91,24.58,1.16,32876.71,24058.71,77.87,0.05,123.68,59.23,27.4,12.52,281.91,4428.11,24.53,70.19,74.36,117.42,729.095,320.04,1259.98,905.895,3247.37,1930.85,260.93,22.8125,0.125
Myanmar,2.94,15,5.41,1.19,1.8,2.05,0.445,0.32,1.32,1.82,1.74,1.175,4.34,5.46,10.16,1.65,0.57,1.98,1.54,1.47,1.92,1.8,0.56,6,1.1,1.78,1.2,6.07,23.88,1.91,0.31,3.58,0.71,,,33.75,0.01,76.88,44.685,,3.425,,3900,,17,128,100,366.525,283.46,801.465,690.33,,51.13,550.56,13,0
Namibia,9.635,35.76,5.18,1.315,1.255,1.605,0.625,0.575,1.18,0.73,1.635,1.945,5.595,4.835,6.875,1.99,1.485,1.45,1.34,1.01,0.715,1.61,0.935,3.94,1.05,1.765,2.66,0.7,22.87,0.84,0.86,4.555,1.2,11675.425,14594.275,82.065,0.05,53.34,38.435,9.64,4.965,124.05,3377.895,53.45,27.455,111.07,56.58,406.815,325.66,865.365,700.525,729.715,510.8,696.875,11.14,0.5
Nauru,10.73,33.53,10.06,5.36,8.05,4.02,1.34,0.84,6.71,2.01,,,,13.41,10.06,13.41,20.12,13.41,,,,,1.68,,,,12.07,,,,,,1.21,,,268.25,,,0,,,,,,,,,1676.56,1676.56,,,,,603.56,,0
Nepal,2.016363636,13.93888889,5.666666667,1.945454545,3.121,1.37,0.42,0.171818182,0.654545455,0.43,0.582727273,1.380909091,6.518181818,2.86,4.088888889,1.777272727,0.766363636,0.965454545,0.522727273,0.413636364,0.545454545,0.216666667,0.236363636,5.17,1.952,2.448888889,1.973636364,0.262857143,8.158333333,2.00375,0.62375,3.295,1.047,30435.70429,40199.84143,22.40625,0.020909091,12.76363636,19.54444444,6.285,2.313636364,34.96181818,1454.836667,16.98,16.93,30.43909091,27.02,77.13375,51.885,161.1825,105.525,1993.8,1004.33,189.54375,11.33777778,0.090909091
Netherlands,16.565,65.35788462,9.014705882,5.0486,4.143653846,3.057924528,2.584230769,2.060384615,1.056851852,1.867169811,2.00245283,2.139074074,10.94944444,8.438888889,23.94415094,2.601320755,1.393148148,1.44754717,2.646153846,1.087307692,0.931730769,0.823461538,0.745471698,5.97245283,1.222075472,1.703076923,8.388679245,3.585384615,108.9381081,4.776938776,2.324693878,31.90510638,2.193269231,27737.99102,27031.16061,225.423,0.1588,43.44811321,32.53880952,19.93882353,11.73980769,1487.663,6454.258085,81.73886792,38.12098039,93.16307692,117.1609615,1099.45,928.59925,1767.1995,1436.326098,4580.763333,3505.161818,3107.147561,2.3712,0.345454545
New Caledonia,17.41,78.34,10.45,7.4,6.96,4.92,2.46,0.94,0.98,1.94,1.58,5.47,12.6,15.45,21.76,3.63,5.65,6.2,4.57,3.37,2.83,3.16,1.11,13.06,2.94,5.22,16.15,2.39,70.37,4.83,1.07,19.91,1.2,25959.08,26402.99,208.76,0.3,58.75,49.61,5.22,10.66,696.34,7398.64,93.57,63.83,85.3,134.92,797.89,618,1410.09,1166.37,4047.49,4163.55,2466.21,2.57,1
New Zealand,14.58695652,65.45125,8.529166667,5.206521739,5.428695652,3.040833333,2.16173913,1.903913043,1.80125,1.84826087,1.927916667,3.93,8.096666667,8.051666667,12.87041667,2.302916667,1.928333333,2.651666667,2.89875,1.9825,1.664583333,2.54625,1.097916667,9.988333333,2.5375,3.10875,22.57304348,2.127894737,71.546875,2.076956522,1.709565217,37.21055556,1.75,23029.02,20741.23591,121.07125,0.238636364,52.29458333,40.004,12.82333333,10.38166667,562.8119048,8719.011765,66.05625,41.88125,94.00708333,106.7208333,839.4015789,635.2294444,1384.428,1110.875714,3403.12875,2936.231765,3225.8955,3.770833333,0.28
Nicaragua,3.954444444,23.55,5.231111111,1.34,2.223333333,1.865555556,0.834444444,0.578888889,0.945555556,1.036666667,1.11,1.757777778,3.503333333,4.37,6.323333333,4.275555556,1.261666667,1.895,1.306666667,1.474444444,1.724444444,0.813333333,0.834444444,7.063333333,1.028571429,1.878571429,2.75625,0.566666667,24.86,0.74875,0.6725,5.81,1.286666667,16835.38667,20710.38667,45.23625,0.278333333,42.00625,18.745,15,4.343333333,94.38333333,4516.5,39.03,34.54777778,53.36111111,54.43222222,203.544,157.074,350.9133333,272.5166667,1102.78,819.435,271.865,14.024,0.1
Niger,3.96,30.38,9.5,1.98,3.17,2.38,1.5,0.85,2.41,0.53,0.91,2.19,15.83,9.64,4.49,3.43,1.27,2.22,1.53,1.06,0.55,0.59,1.21,7.92,1.35,2.11,2.38,0.32,11.88,0.48,0.48,158.35,0.89,0,22831.06,369.48,0.11,11.88,39.59,3.96,3.96,897.31,4750.45,39.59,44.87,39.59,39.59,533.06,353.93,591.9,494.12,237522.54,79174.18,208.49,11,0
Nigeria,1.349375,14.02827586,4.595806452,0.776129032,1.105625,1.687931034,0.346875,0.2446875,2.341111111,0.960645161,2.211666667,1.648387097,3.924736842,3.548275862,3.627586207,3.229259259,1.420740741,0.98137931,1.392962963,1.780357143,1.428518519,0.730909091,0.440645161,4.151935484,0.641785714,0.932692308,0.81826087,0.343684211,18.84272727,1.216315789,1.028,3.121,0.376,14792.77929,25440.57538,18.0012,0.045416667,41.41962963,24.538125,7.061538462,4.894482759,85.86730769,1333.8556,14.58111111,26.11857143,49.6125,57.875,688.1333333,425.9165217,1592.6065,851.6986957,2706.53,3071.747778,134.6766667,16.55277778,0.0625
North Korea,4.27,20.49,3.13,,,1.81,1.68,1.99,0.26,0.55,4.4,1.74,,6.61,11.01,2.2,2.2,2.2,2.2,2.2,2.2,1,0.3,6,,,18.88,0.65,,2,0.5,,1.28,27250,25470,,,,,,18.02,,,27.23,,48.03,,,198.78,,,4700,6400,,,0
Norway,18.518,85.1324,12.2492,9.20125,8.4564,4.3528,3.112,2.7,1.9924,2.7004,2.71,3.7788,11.3064,12.654,27.406,2.924,2.2816,2.8932,3.5132,2.192,2.3056,2.3644,2.0672,14.8828,3.3652,4.416,13.5192,3.776190476,62.076,9.701304348,1.667,51.66428571,2.0748,34525.1487,33503.68435,218.0920833,0.106363636,52.52833333,41.4226087,32.895,13.65304348,331.1921739,6025.147727,83.57875,42.69208333,99.49041667,130.7629167,930.2272727,719.7952381,1587.68,1211.852727,5281.648,3810.169,3211.8185,2.8375,0.28
Oman,4.976666667,26.232,6.425,7.686,8.572,3.986666667,0.785,0.266666667,2.482857143,1.145714286,2.095,3.431428571,8.133333333,4.588571429,7.84,2.122857143,1.987142857,1.761428571,1.497142857,1.672857143,1.224,1.57,0.566666667,28.38285714,4.6925,9.255,5.883333333,1.625,51.94,3.635,0.953333333,10.945,0.593333333,18916.37333,19212.16667,98.806,0.188333333,83.24166667,62.772,20.2625,8.786666667,180.44,5411.034,51.36333333,37.81166667,90.125,71.54333333,394.3033333,296.155,829.3366667,496.5416667,1461.55,740.21,1497.451667,4.253333333,0.142857143
Pakistan,1.188918919,10.32571429,3.333421053,2.170322581,3.455806452,1.129189189,0.208684211,0.161842105,0.520512821,0.424615385,0.731794872,0.919736842,5.384054054,1.982162162,3.161052632,0.82025641,0.463333333,0.608888889,0.506052632,0.267948718,0.290769231,0.269705882,0.282051282,1.469714286,1.128611111,1.699722222,1.007894737,0.178666667,6.485,0.63,0.187297297,1.327777778,0.774736842,11000.36265,14747.18639,50.87578947,0.011578947,21.23529412,10.34538462,4.7612,3.052777778,21.91972222,710.6123529,13.04,17.76594595,37.16027778,25.07459459,72.76291667,45.59695652,171.51,109.8020833,731.4923077,427.1373913,153.6423333,12.82722222,0.230769231
Panama,5.25,32.9,5.9,1.75,3.15,2.63,1.312,1.064,1.518,1.96,1.9425,1.982,7.132,5.28,7.176,2.81,1.188,2.438,2.774,1.682,1.87,1.146,1.5,8.9,1.108,1.586,6.51,0.366666667,29.31,1.4,1.47,17.75,0.878,20700,17211.25,83.54,0.185,38.592,33.32,34.7925,5.116,272.5933333,11675,42.866,37.1,63.556,67.5,606.405,368.1975,946.0525,602.736,1538.6325,1067.706667,750.3625,5.644,0.2
Papua New Guinea,8.83,44.27,8.3425,3.0525,5.2525,2.7825,1.14,0.9325,1.97,1.32,1.3525,3.7125,10.69666667,7.4,8.4275,3.935,2.73,1.87,2.2725,3.693333333,2.9825,3.21,1.165,8.9,2.22,2.95,6.303333333,0.57,38.27,5.68,1.7,14.2,1.28,45429.55,34545.765,93.275,0.315,250.8075,60.34,22.71,9.23,290.6175,5710.6375,32.88666667,27.68666667,81.4525,60.33333333,5076.75,1158.595,3359.89,1047.01,9227.88,20020.03,401.06,13.585,0.2
Paraguay,3.952,21.292,4.288,0.99,1.796,1.586,0.79,0.44,0.76,0.692,0.83,1.608,5.186,3.476,5.444,1.716,0.992,0.906,1.324,0.708,0.736,0.558,0.662,5.4925,0.8975,1.3675,1.5325,0.49,28.945,0.73,1.725,5.926666667,1.04,16415.38,24402.76,55.91,0.18,18.18,23.81666667,16.82,6.22,152.06,2294.7,46.65666667,35.25333333,71.78,66.22333333,309.38,193.095,746.315,477.62,1282.4,703.83,298.1333333,12.14,0.2
Peru,2.862941176,16.57176471,4.517142857,1.710714286,3.303571429,2.252857143,0.649375,0.455625,1.056875,1.259333333,0.913125,1.5475,4.788125,3.744375,5.555,1.1575,0.858,0.905625,0.83375,0.63375,0.683125,0.526875,0.705,6.158666667,1.515625,2.451428571,4.132857143,0.360833333,16.8625,1.5,1.21,5.141428571,1.133333333,17164.81846,18840.59714,47.93066667,0.140714286,27.959375,27.3825,12.58,4.570769231,139.4492857,3685.092727,37.05285714,22.61642857,67.02769231,59.11153846,250.9330769,162.4130769,474.4578571,334.6223077,1704.671818,1070.852222,383.4176923,10.35692308,0.157894737
Philippines,2.933918919,17.11986111,2.788947368,1.301571429,2.071388889,2.121830986,0.643378378,0.380810811,1.68,1.106575342,0.879350649,1.619480519,5.497971014,3.693896104,5.758630137,2.322083333,1.3824,2.096805556,1.39630137,1.551549296,1.744788732,1.365294118,0.677361111,6.333714286,1.052463768,1.655857143,2.451408451,0.290196078,11.09636364,0.705079365,0.3625,2.353275862,1.276029412,24034.70271,19884.31758,97.73864865,0.147101449,38.16815789,30.5527451,5.020588235,4.635633803,165.8730303,4752.51551,35.33549296,22.15985294,65.56943662,56.47144928,261.0466667,158.7229091,629.4747059,340.1468519,1958.065,1059.492059,280.1385455,7.479107143,0.090909091
Poland,6.349365079,27.82225806,5.456349206,2.0665,1.951129032,2.189365079,1.133064516,1.030689655,0.653846154,0.845692308,0.932380952,2.236949153,5.958253968,4.311076923,8.221147541,0.8065625,1.091129032,1.252096774,2.1455,0.583709677,0.698923077,0.803870968,0.430307692,5.01469697,0.740615385,1.0790625,3.936923077,0.7898,21.12421053,1.640377358,0.530327869,8.26625,1.401343284,18146.98839,20850.08,202.6303571,0.057924528,12.17384615,26.50152174,12.90432432,5.3790625,214.4151786,5090.329,56.81611111,28.52491803,59.93870968,69.19459016,431.8102083,361.8831915,666.8415909,560.6051163,2251.0065,1784.215385,896.1853333,5.732307692,0.223880597
Portugal,8.474230769,35.22333333,6.728823529,1.833137255,2.204901961,1.373653846,1.403846154,1.0298,0.678269231,1.161372549,1.063653846,1.903461538,7.4062,5.644807692,9.474509804,1.592745098,1.218431373,1.3618,1.6358,1.0346,1.122692308,1.041020408,0.6016,4.338627451,1.134693878,1.96212766,5.269019608,1.71673913,36.77608696,3.429183673,0.731219512,14.98093023,2.091276596,26858.84936,28137.31304,109.094375,0.147209302,35.8194,36.09854167,12.91470588,6.963333333,321.1814286,6570.173333,70.3492,31.66791667,69.9778,77.63,636.2213953,506.1674419,1043.856047,814.1113953,2724.69027,1904.231053,1060.277442,2.061590909,0.269230769
Puerto Rico,12.84833333,61.08583333,6.9075,2.3225,3.623333333,2.895,1.199166667,1.143333333,1.843333333,2.543333333,2.306666667,3.1625,6.568333333,8.486666667,8.848333333,5.089166667,2.3625,3.904166667,5.4925,2.910833333,2.695,2.454166667,1.645833333,11.74833333,2.091666667,3.240833333,9.929166667,1.7,37.555,4.333333333,1.17,28.5625,0.910833333,27719.3,25282.13,219.7018182,0.157777778,60.3075,34.875,26.1175,7.895833333,316.4583333,8132.597273,44.08833333,39.99083333,85.43083333,89.7225,563.333,393.5188889,1412.962222,900,1302.821667,1136.738,1794.593,4.485,0
Qatar,8.24,48.065,6.87,12.36,13.05,4.97,0.965,0.35,1.96,1.495,1.705,2.685,9.755,7.17,10.885,1.925,1.69,1.69,1.415,0.955,0.94,1.41,0.51,21.97,2.34,5.465,6.525,0.55,48.065,2.2,0.55,9.61,0.57,20186.765,20038.51,90.74,0.23,87.455,93.865,27.745,10.99,732.58,10347.58,64.23,51.5,81.39,77.96,1435.585,975.295,2701.79,1908.895,4995.19,4239.91,5108.866667,3.88,0.333333333
Reunion,8.05,51.93,10.39,4.15,3.12,2.73,2.99,2.21,1.04,2.6,1.33,3.66,16.88,12.78,20.08,2.42,2.34,2.41,2.25,2.42,1.56,0.86,0.83,6.23,1.87,3.64,11.69,0.79,36.35,2.7,1.78,48.61,1.86,24928.72,27265.79,107.16,,48.56,38.95,15.58,9.82,,,88.29,20.77,124.64,103.87,694.63,623.22,1038.7,830.96,3323.83,2596.74,1142.57,,0
Romania,6.600196078,27.70607843,4.929215686,1.496078431,1.87627451,1.612352941,1.201764706,1.019230769,1.1478,0.80755102,1.182884615,2.2326,5.664038462,4.633584906,7.32,0.884339623,1.235660377,1.170566038,1.808333333,0.570754717,0.639056604,0.64754717,0.566226415,4.9346,0.7975,1.183962264,4.509811321,0.552272727,17.4174359,0.566346154,0.573584906,5.456862745,1.6916,17800.69449,21377.49796,117.1946,0.053921569,8.190961538,33.11114286,12.62060606,5.799574468,317.2504167,4761.356327,54.82294118,31.14408163,67.7272,74.5477551,262.3804762,191.16675,420.6697561,317.6535897,1260.167222,992.0433333,617.4291429,5.9798,0.301886792
Russia,10.43586777,38.77561983,5.995258621,2.076666667,2.866206897,2.277264957,1.11892562,0.583057851,1.222089552,0.710597015,1.620472441,1.689160305,10.95168,5.137846154,9.67992126,1.889140625,1.629685039,1.921157025,3.00584,0.920162602,0.749920635,1.388672566,0.7215625,8.230322581,1.110813008,2.022689076,2.858666667,0.521452991,25.13228571,1.745462185,0.325904762,5.094479167,0.82952,40608.43516,34944.6402,128.73184,0.035327103,9.173643411,42.19066667,20.13180556,5.343658537,298.9774227,6367.353881,83.91939655,51.77132743,102.6912821,116.4323478,405.6401961,276.0363725,737.866044,501.2917895,2006.288723,1449.551313,651.402451,10.64811024,0.194244604
Rwanda,1.906666667,30.49666667,6.1,0.73,1.523333333,2.473333333,0.6,0.453333333,0.546666667,1.076666667,1.116666667,1.386666667,3.896666667,5.946666667,3.113333333,2.6,1.033333333,1.396666667,0.74,0.306666667,0.663333333,0.74,0.626666667,8.843333333,0.916666667,1.313333333,1.6,0.32,11.89,2.593333333,1.22,10.29,1.073333333,21956.17,11892.93,48.51,0.06,34.63,33.39,5.72,4.57,128.18,1715.633333,19.63333333,28.69666667,32.83666667,49.41333333,428.83,279.37,1251.81,618.69,2812.22,20217.98,360.56,17.60666667,0.333333333
Saint Kitts And Nevis,12.95,92.51,12.48,2.22,2.85,3.7,1.86,0.95,3.61,4.07,2.96,5.33,11.01,10.44,4.81,2.22,,1.85,3.59,1.11,1.57,3.45,1.84,14.8,2.51,2.96,5.55,1.11,,,,,2.44,,,111.01,,53.65,92.51,,,138.76,,37,,,,610.53,370.02,,,,,,,0
Saint Lucia,7.4,62.9,10.02,2.22,2.97,2.5,1.13,0.99,3.06,0.82,2.22,2.84,8.41,10.51,13.62,7.66,1.86,4.44,5.19,2.48,1.36,2.04,1.22,11.1,1.67,3.52,4.81,0.93,,7.4,,18.5,1.43,28676.62,10175.57,68.08,0.37,58.74,37.46,,7.4,169.59,1850.1,61.52,74,124.88,129.51,478.76,268.27,940.04,582.78,111.01,111.01,1375.24,7.33,0
Saint Vincent And The Grenadines,11.1,64.75,10.18,2.59,3.24,1.85,1.85,1.97,1.67,1.77,2.47,3.32,15.09,5.88,9.3,5.89,1.41,9.22,3.33,2.65,1.85,1.48,3.7,12.03,2.24,2.41,4.44,0.74,49.95,9.25,,35.15,3.7,12950.73,9250.52,54.27,0.26,45.64,24.05,5.55,5.55,123.34,3330.19,79.18,59.2,101.76,124.88,342.27,217.39,974.39,647.54,,,555.03,9.5,0
Samoa,4.47,29.87,9.99,3.58,2.86,3.12,1.38,1.05,1.07,1.18,1.07,2.65,15.78,5.73,9.47,2.37,2.37,2.37,8.96,1.65,1.79,,1.43,8.95,2.06,2.51,5.37,2.15,,1.79,1.33,,1,,,536.89,,107.02,48.32,5.37,5.37,74.57,2147.57,50,48.63,75,100,1073.79,304.24,894.82,644.27,,,,,0
San Marino,15.58,54.36333333,6.75,4.323333333,3.933333333,1.28,1.893333333,1.04,1.123333333,1.38,1.14,2.38,8.106666667,6.026666667,10.92,1.56,2.07,1.82,1.733333333,1.213333333,1.47,0.78,0.55,4.15,1.56,1.64,4.153333333,2.08,45.18,,2.08,,1.38,22331.98,22851.33,67.72,0.21,30.81,72.71,,7.443333333,364.6966667,5193.48,90.02333333,32.89,79.63,106.64,532.33,441.45,589.46,506.365,2769.855,2492.87,2586.355,3.55,0
Sao Tome And Principe,15.58,41.55,7.27,0.57,1.25,1.04,1.45,1.04,1.04,0.81,1.3,2.88,15.58,15.58,23.37,3.12,0.83,3.53,1.92,1.87,1.77,0.57,0.62,6.23,0.93,1.04,2.08,,,5.19,,20.77,1.01,,20773.93,186.97,0.08,101.79,8.66,,,114.26,,,,,,207.74,155.8,519.35,415.48,,217.15,129.84,,0
Saudi Arabia,6.436666667,36.62666667,6.946666667,1.475,1.532777778,3.447777778,0.751666667,0.255555556,1.498888889,0.74,2.138333333,2.873888889,5.793888889,7.082777778,11.63111111,1.936111111,1.478333333,1.485,1.596666667,1.364444444,1.134705882,1.280555556,0.621111111,3.016666667,1.782352941,1.823125,7.088333333,0.863333333,42.57727273,2.701875,1.648125,10.28692308,0.557777778,20704.73538,19082.19357,105.628125,0.15625,73.38235294,101.92,37.65833333,17.76823529,300.713125,5061.414,33.72875,57.28,93.55944444,76.52388889,359.6177778,281.4717647,669.57,452.4747059,1350.150769,957.7361538,2307.299375,3.970769231,0.277777778
Senegal,3.953333333,39.19,5.94,1.666666667,3.17,2.83,0.785,0.8,1.85,0.41,0.82,1.965,11.56,9.74,7.55,2.02,1.35,1.32,1.2,1.06,0.665,1.11,0.73,6.335,0.98,1.73,1.35,0.36,19.79,2.38,1.58,12.67,1.32,26127.48,25863.57,92.47,0.14,48.1,71.65,10.56,7.92,167.15,5185.91,44.97,31.67,75.69,87.88,448.44,587.35,1456.93,893.96,8956.85,11636.89,435.46,8.75,0.333333333
Serbia,4.851935484,20.73733333,4.4125,1.641935484,1.820333333,1.231290323,1.161470588,0.822352941,0.862058824,0.463235294,1.282424242,1.678387097,4.689354839,4.850322581,7.180909091,0.738823529,1.189705882,1.173636364,1.192121212,0.591612903,0.476363636,0.410625,0.459411765,4.017741935,0.668709677,0.995294118,3.184411765,0.879130435,28.974,1.217741935,0.599411765,4.888181818,1.507647059,18970.83931,18737.33893,125.5373529,0.104375,18.7790625,19.94076923,7.113076923,3.89516129,125.1433333,6940.598235,43.255,23.64181818,75.5116129,74.10264706,190.6260606,132.2981818,331.2912121,235.1021212,1234.034375,850.9690625,473.7771429,4.038,0.142857143
Seychelles,15.79,58.04,6.31,3.87,4.79,5.67,3.21,1.95,1.66,1.41,2.18,2.81,25.26,5.34,10.97,2.83,2.66,1.55,6.11,1.74,1.28,1.16,1.55,9.7,2.81,3.22,10.96,0.67,22.73,4.98,1.89,17.94,1.27,23776.49,37182.49,66.55,0.3,116.57,66.73,20.77,5.12,346.23,4124.2,59.1,63.32,93.73,60.14,925.42,615.73,1819.87,1199.22,1157.72,1273.74,588.89,16,1
Sierra Leone,4.31,30,7.9,0.97,2.5,1.67,0.86,0.86,2.28,0.68,0.94,1.83,,7.5,,3.46,1.03,1.03,4.04,2.28,1.62,0.91,1.61,6.56,1,2.21,1.03,0.15,4.5,1,0.5,5,1,10000,8000,130.42,0.03,100,76.27,1.32,6.08,20,2000,10,8,20,50,1438.66,101.9,631.34,203.81,1076.39,1076.39,1544.66,,0
Singapore,10.92,60.06,5.82,7.28,8.74,4.44,1.46,1.04,2.57,1.96,2.7,2.78,19.61,8.63,20.49,3.69,2.58,3.7,2.88,2.18,2.13,1.81,1.39,21.84,4.47,5.23,10.92,1.46,93.19,2.91,0.73,14.56,2.32,109206.71,97513.44,142.65,0.17,34.37,104.81,12.05,10.92,1089.57,24842.05,73.04,41.68,103.93,112.61,2660.73,1965.72,5317.61,3466.53,20481.89,10399.14,4497.08,2.43,1
Sint Maarten,14,100,8,3,4,4.83,2,3,2.38,2.02,2.57,3.05,4.75,11.17,12.32,4.32,3.21,5.67,3.17,2.83,2.83,2.32,1.67,7,2.09,3,17,1.25,0,20,5,,1.22,18250,24750,283.33,0.25,109.33,65,26.67,8.5,391.67,9500,55,28,65,80,1233.33,850,3466.67,2133.33,2516.67,1600,2333.33,7.5,0
Slovakia,5.781176471,29.25225806,6.2128125,1.525757576,1.8115625,1.9175,1.376666667,1.067878788,0.755294118,0.911176471,1.247058824,2.101176471,9.472121212,5.446969697,10.33939394,1.359117647,1.523939394,1.596666667,2.805454545,0.842727273,0.776666667,1.110645161,0.603235294,4.300606061,0.794705882,1.240645161,4.396969697,0.833666667,22.42782609,2.417272727,1.0096875,11.1737931,1.540294118,19065.22688,19446.63344,183.5118182,0.069677419,16.53393939,33.3662963,11.22208333,6.576666667,330.0634483,7506.11,53.4969697,30.32875,64.98878788,79.15606061,448.352963,371.2381481,745.5244444,602.7896154,1967.627143,1542.992857,885.5135484,1.748787879,0.205882353
Slovenia,8.685185185,35.64333333,6.106153846,2.604814815,2.737692308,1.534444444,2.084074074,1.5092,1,1.194615385,1.463703704,2.357407407,11.11,7.884,9.629545455,1.51875,1.2556,1.59125,2.26,0.994545455,1.083181818,1.167826087,0.661153846,6.029615385,1.1252,1.716666667,4.440769231,1.452105263,28.9,1.41,1.194,16.52090909,1.428518519,19092.8652,18981.70783,217.4855556,0.092083333,34.3408,39.861,12.35625,6.45037037,349.8753846,6912.984706,68.53592593,32.89296296,71.27518519,93.68148148,427.7816667,339.3372222,778.1482353,586.6633333,2336.658,1809.26,1140.010476,2.8888,0.148148148
Solomon Islands,5.47,54.72,15.2,4.56,3.04,4.05,2.43,1.22,2.68,1.44,1.22,4.74,17.39,9.48,,4.42,1.22,6.08,4.02,4.5,2.98,0.61,1.62,12.77,2.4,3.65,3.89,0.36,,,1.22,12.16,1.22,,,6.08,0.12,486391.79,60.8,6.08,4.26,121.6,3647.94,6.08,7.3,115.52,121.6,587.72,668.79,2036.77,1499.71,85118.56,60798.85,719.45,13.5,0
Somalia,3,18.66666667,5.5,7.666666667,15,1.186666667,0.62,0.476666667,1.536666667,1.033333333,1.32,2.22,4.333333333,4.443333333,6.093333333,4.233333333,1.256666667,2.88,1.023333333,1.02,1.01,0.853333333,0.66,27.16666667,0.5,0.65,1.733333333,1.46,42.5,1.666666667,0.716666667,10,0.926666667,9166.666667,5888.886667,77.22,0.056666667,32.75,25.625,8.17,4,67.5,833.0533333,15.33333333,21.77666667,28.41666667,48.39,203.335,83.31,443.75,239.88,67728.6,48276.555,378.335,7.75,0.666666667
South Africa,7.996363636,31.13,4.179393939,1.69625,2.1178125,1.72375,0.923636364,0.718709677,1.021176471,0.860882353,1.39,1.841470588,6.511176471,4.262941176,6.918529412,1.376363636,1.252727273,1.271212121,1.343030303,1.011818182,1.061515152,0.985151515,0.916363636,4.551470588,1.236060606,1.724242424,2.689393939,1.454761905,33.95875,1.362068966,0.776666667,5.237619048,1.281212121,20618.94156,19754.2225,107.4503125,0.101333333,52.46818182,31.13736842,8.6575,5.508709677,156.4775,4128.080968,45.26909091,29.1953125,88.18575758,76.218125,355.8988462,343.6004,669.2648276,730.6734615,933.4168421,775.338,1222.346897,8.937878788,0.176470588
South Korea,5.811724138,29.58137931,5.005172414,2.836896552,3.952758621,3.308275862,1.311034483,0.676785714,1.962413793,2.395,3.222307692,2.546551724,14.37769231,7.845,24.47576923,6.4128,3.189166667,5.456666667,5.615555556,3.33962963,2.4152,1.987037037,0.99862069,13.27964286,1.961071429,2.131153846,3.404615385,1.017826087,37.834,2.659310345,0.890434783,12.01583333,1.304642857,26917.81458,21750.33917,112.3753846,0.198695652,20.9525,43.03,20.91454545,8.592758621,339.4728,22814.35174,52.5896,41.23230769,72.5276,106.3964,391.137,333.6890476,916.1772222,647.6555556,7525.345,5733.444118,2042.6345,3.676956522,0.103448276
South Sudan,7.5,30,6,3,3.5,1.5,1,1,1.38,2,2.25,3.63,,2.5,,6.5,3,2,3,2.5,3,1,0.92,10,1,1.25,,1.5,60,6,0.75,,1.38,10000,12000,,0.03,100,225,5,,,8000,35,,35,50,2350,1700,7800.5,1650,4305.56,,750,,0
Spain,11.34244186,42.71060241,7.807411765,2.474302326,2.881860465,1.713372093,1.826976744,1.231976744,0.836511628,1.067764706,1.236493506,2.041294118,10.54105882,6.315,10.47070588,1.793214286,1.757790698,1.458571429,1.864404762,1.265714286,1.267058824,0.92313253,0.647176471,4.865764706,0.924939759,1.6175,5.30939759,1.576025641,37.48692308,3.774415584,1.193580247,21.70538462,1.655555556,22443.46696,22796.68564,126.7323529,0.178607595,37.39802326,39.10558442,12.42923077,8.001686747,321.1909877,6540.686329,72.15847059,30.57635294,70.55440476,84.81211765,657.8859722,550.8,1019.149855,811.5882353,2775.633167,1898.438438,1616.588667,2.289012346,0.261363636
Sri Lanka,1.448,6.8775,3.685,0.984666667,1.156666667,0.935384615,0.34625,0.16125,0.86875,0.334375,0.52375,1.140625,8.319285714,2.735,4.52375,2.281875,0.484375,1.826875,0.8075,0.74625,0.665,0.662142857,0.3175,7.668125,1.024285714,1.543571429,4.328571429,0.205,4.62,0.247142857,0.203125,0.390909091,0.7025,27028.59,27347.05615,29.92214286,0.00875,8.117857143,7.425555556,4.123333333,1.978125,23.21066667,669.518,18.77375,10.71733333,32.631875,26.020625,91.47333333,43.613,218.9871429,129.4854545,1299.85,994.82,126.7477778,15.47285714,0.0625
Sudan,5,20,7,2.25,2.95,2.32,0.52,0.29,1.53,0.76,2.12,2.02,6.1,5.73,6.21,4.93,0.78,1.98,2.01,1.52,1.27,0.97,0.59,15,1,3,1.5,0.45,20,2,1,9,1.13,33000,17207.23,41.59,0.07,76.5,27.75,11.96,1.67,72.18,2334.96,17.06,70.57,56.76,40.36,293.9566667,149.6033333,496.26,281.4366667,1160,766.67,148.57,17,0.333333333
Suriname,4.86,80,6.15,2.7,2.7,2.25,0.92,0.74,1.18,1.19,1.37,2.11,11.17,3.41,9.25,3.67,1.3,1.79,2.13,1.03,0.82,2.33,0.97,10,1.85,2.42,5.25,0.44,90,1.8,3,15,0.84,27500,7868.37,92.78,0.05,37.5,13.68,10,4.51,81.67,500,52.08,45.99,99.15,173.33,394.71,249.44,1252.41,949.36,533.535,457.74,234.55,14.29,0
Swaziland,3.185,11.86,2.4,0.99,1.135,1.195,0.79,0.6,1.05,0.61,1.305,1.285,7.595,4.56,5.065,1.53,0.565,0.56,1.38,0.82,0.85,0.41,0.64,4.63,0.85,1.71,2.13,1.17,30.74,2.93,2.93,3.51,1.135,15724.39,23374.985,94.66,0.13,55.455,28.3,5.27,3.22,130.795,3444.425,55.48,29.28,97.435,111.25,285.145,189.98,516.61,365.55,234.2,175.65,546.47,10.625,0
Sweden,10.34166667,64.35555556,7.841724138,6.21862069,6.005,3.648333333,1.720333333,1.603793103,1.156666667,2.103666667,2.352666667,2.776333333,8.589666667,8.429655172,15.63758621,2.509655172,2.097931034,2.38862069,3.13137931,1.216206897,1.228275862,1.947931034,1.382962963,8.754482759,1.693448276,1.939655172,6.219642857,2.823666667,66.98038462,5.453103448,1.965357143,49.79653846,1.929285714,22245.02143,22052.6275,80.57448276,0.116666667,28.38862069,36.09758621,25.43678571,12.66344828,137.0615385,3086.083,78.65413793,34.89344828,78.28310345,116.0389286,717.5126923,586.7566667,1204.475769,865.82625,5591.1,2872.085,2458.964286,2.113846154,0.3
Switzerland,25.085,109.2647368,15.39108108,6.512631579,5.877837838,4.909487179,4.234615385,3.743157895,1.687948718,3.121538462,2.847,6.06975,24.77692308,24.48725,50.92179487,3.943333333,2.860769231,3.115526316,4.127692308,2.46,2.463421053,2.243611111,1.164411765,13.33820513,1.99972973,2.425277778,9.121142857,3.925142857,104.2503226,7.265294118,4.01875,72.43233333,1.939268293,30932.29171,33055.57486,204.5225,0.297567568,56.61380952,79.694,38.87565217,19.57324324,2280.41,24464.5871,102.2392308,51.43567568,117.27725,156.4638462,1469.178667,1245.9175,2799.305,2128.58037,12589.92292,8582.341818,5700.505405,1.57,0.255813953
Syria,4.055833333,17.74307692,4.425555556,1.854615385,2.003846154,0.793846154,0.809230769,0.444615385,0.715833333,0.67,1.1675,1.4625,3.593333333,4.0225,8.115,0.748333333,1.599166667,0.486666667,0.603333333,0.433333333,0.3825,0.319166667,0.491666667,5.188333333,0.774,1.398,1.8725,0.11,11.74333333,0.781666667,0.891666667,4.061666667,1.019166667,27978.16143,34941.195,80.805,0.014166667,47.985,11.53333333,4.995,2.81,66.20083333,1844.021818,19.75166667,20.91583333,114.651,57.1425,137.846,84.664,256.5616667,150.85,1126,723.814,48.43666667,10.02181818,0.076923077
Taiwan,3.398461538,23.57846154,4.495384615,2.133076923,2.190769231,2.563076923,0.878461538,0.631538462,3.036923077,1.972307692,3.574615385,2.672307692,17.28777778,7.39,18.57846154,4.879166667,2.234166667,2.938333333,3.365,2.696666667,2.4625,1.881818182,1.186363636,11.92272727,1.603636364,2.272727273,3.900909091,0.715,35.75625,2.931538462,0.591818182,6.059090909,0.960909091,34225.46091,25284.09818,68.98333333,0.171818182,21.7725,39.26818182,15.63428571,9.206666667,506.64,11559.91455,63.69333333,35.57,75.90583333,123.4683333,406.7783333,262.409,885.606,619.289,5734.726667,3519.58,1362.392727,1.939090909,0.307692308
Tajikistan,3.98,11.055,4.97,1.19,1.49,1.2,0.41,0.28,0.72,0.41,1.58,1.42,5.79,3.905,6.855,1.15,2.09,2.31,0.995,0.44,0.31,0.42,0.41,5.97,1.27,1.76,1.74,0.3,6.96,0.99,0.3,2.39,0.95,14463.925,21910.27,31.32,0.02,22.2,29.895,11.18,5.22,84.51,4970.93,32.37,24.165,53.505,52.285,388.585,218.29,616.365,365.625,744.065,416,148.635,15.8,0.5
Tanzania,3.821666667,26.62333333,6.57,1.143333333,2.595,2.085,0.636,0.4,1.43,0.837142857,0.881428571,2.122857143,12.994,5.955714286,3.682857143,2.505714286,0.864285714,0.748571429,0.927142857,0.744285714,1.245714286,0.54,0.462857143,5.718333333,1.035714286,1.981666667,1.716666667,0.342,5.875,1.608333333,1.575,3.048,1.045,18939.39333,8933.675,69.494,0.051666667,69.66,44.004,7.446666667,6.606,314.796,5281.094,19.706,46.004,53.316,55.678,277.24,229.46,503.144,459.516,3449.535,3485.34,244.9183333,17.45,0.125
Thailand,1.754594595,22.07533333,5.408378378,1.827027027,3.220588235,1.65875,0.544594595,0.305483871,1.493333333,1.370555556,1.077647059,1.473333333,13.86714286,2.261081081,8.869722222,2.451388889,1.110285714,1.595714286,1.067647059,1.134857143,0.879142857,0.884242424,0.486756757,13.215,1.62,2.630588235,3.336,0.62,24.58611111,1.161621622,0.90516129,4.021304348,1.166285714,30755.78972,22716.00243,54.985,0.052105263,17.19594595,49.78321429,9.422380952,4.953243243,295.1610345,9413.215143,43.21257143,25.34888889,81.52294118,76.53388889,221.7291667,174.3070968,812.4466667,427.9006897,2436.872105,1405.6085,491.2790323,5.278571429,0.078947368
Timor-Leste,5,40,7,2.75,3,2.44,1.33,0.62,1.79,1.98,2.94,2.4,6,8.5,14.5,5,2.17,3.67,2.33,1,2.33,0.83,0.53,13.5,1.94,3.33,1.62,0.25,,3,3,15,0.98,,,112.5,0.11,82.5,64,11.25,6,333.33,18666.67,61.67,50,76.25,62.5,680,625,2450,1566.67,4666.67,4000,3500,,0
Togo,1.98,19.89,7.92,0.79,2.38,3.69,2.38,1.27,1.8,0.71,1.74,1.65,7.07,5.74,6.65,1.85,1.78,3.69,3.19,2.64,3.91,0.58,0.86,3.96,1.19,1.9,1.58,0.79,47.5,0.55,0.32,4.33,0.91,12667.87,3166.97,112.16,0.16,58.48,30.61,7.92,7.92,102.93,6359.27,20.06,21.64,30.09,75.48,255.34,96.99,475.05,324.61,1148.03,419.62,527.83,9,0
Tonga,40,49.765,9.275,10.55,3,2.25,1.805,1.805,1.56,0.84,,3.04,,2.53,5.06,2.53,1.27,2.53,2.53,2.11,,,,12.66,,2.61,7.83,,,,,,,,,,,,30.42,,,,,,,,,,400,,,,,1152.52,,0
Trinidad And Tobago,8.96375,68.0975,6.2775,1.5075,2.72375,2.96625,0.965,0.75,1.935,2.045,2.35625,3.4725,7.14875,6.8175,8.25875,3.6625,1.92875,1.9925,3.15125,1.36625,1.37,1.41875,1.13,18.91,1.88125,2.6,4.87625,1.308,69.87,0.865,0.78125,8.33,0.83875,33025.74625,33264.99875,50.65125,0.195,49.1525,41.84,13.1025,6.9,170.81625,4853.325,53.52375,38.89375,105.055,86.3475,391.2533333,342.64,811.475,611.0066667,2851.0225,2099.835,732.596,5.26875,0.125
Tunisia,1.765909091,13.421,2.830909091,1.08,1.285714286,0.590454545,0.440909091,0.195454545,0.403043478,0.10826087,0.674782609,0.930434783,6.558,3.247619048,7.723636364,1.076086957,1.497391304,0.615652174,0.433181818,0.437826087,0.382727273,0.275238095,0.229130435,3.874,0.8195,0.8785,2.36,0.221904762,9.497777778,0.174347826,0.246666667,5.884,0.653333333,23942.5305,22348.63952,31.87590909,0.065714286,20.0973913,20.187,9.049375,3.5675,52.68619048,1928.387895,27.14636364,31.93190476,76.141,38.95,128.0105,98.954,227.048,167.676,786.7588235,574.0086667,282.7805,9.6425,0.217391304
Turkey,2.777333333,13.47525424,3.214166667,1.775333333,2.115166667,1.368166667,0.536779661,0.187666667,0.681967213,0.370327869,1.115964912,1.241803279,4.27852459,3.294918033,7.721311475,0.59220339,1.095245902,0.638135593,0.818852459,0.436,0.3315,0.528793103,0.249666667,5.505517241,1.460655738,1.809464286,1.569016393,0.35125,15.63209302,0.63877193,0.379310345,3.1296,1.212786885,32501.4,28960.85404,63.0835,0.089473684,8.024590164,17.23719298,11.30341463,2.2465,143.5892857,3237.544118,28.89423729,22.41086207,57.61280702,42.14372881,169.6108621,111.7568966,282.5355932,194.2334483,763.6546,550.009375,317.1478182,19.84830189,0.327868852
Turkmenistan,37.038,131.054,8.07,6.268,14.25,5.84,5.235,0.695,3.674,0.79,5.46,4.96,14.645,12.348,16.605,2.67,5.642,9.08,3.134,2.204,1.366,1.225,1.064,12.35,3.416666667,11.1125,38.46,0.186666667,9.975,1.616666667,0.85,8.55,0.43,20584.05,20653.59,1063.63,0.03,367.9966667,66.47666667,28.7,15.19666667,31.3375,35108.62,178.06,120.6066667,409.3033333,322.89,537.75,302.705,1367.52,735.99,3269.23,2400.28,438.43,8,0
Turks And Caicos Islands,,,15,,,,2,1,6,4,,,,,,,,,,,,4.5,1.67,,,,,,,,,,,,,200,,88,,,,,3000,,,,,750,650,1500,1200,,,5750,,0
Tuvalu,3.51,10.39,,3.95,3.53,1.03,1.77,1.33,1.37,1.14,0.82,3.43,6,7.83,4.28,0.86,0.95,1.06,1.6,0.55,0.5,,,,,,,,,,,,,,,,,,,,,,,,,,,113.43,91.92,150.09,105.43,534.82,461.89,3495.21,,0
Uganda,2.33,16.38625,7.17,0.942,1.504,1.774,0.37,0.204,0.579,0.776,1.075,1.302,5.685,5.753333333,3.545,2.298,1.272,1.425,1.08375,0.8475,1.10625,0.746,0.579,9.02875,1.071,1.78,2.23,0.626666667,22.49,0.744444444,0.496,1.876666667,1.145,9471.322,8743.97,45.66714286,0.097,73.093,42.245,8.29,5.203,80.25166667,5066.45,22.564,49.90888889,57.47777778,54.63666667,180.01,98.08666667,470.9833333,207.32,1262.45,1766.04,120.9,17.46,0.1
Ukraine,4.884047619,15.12880952,3.25125,0.968780488,1.268780488,0.982380952,0.546428571,0.390952381,0.794545455,0.515238095,1.14952381,1.175238095,5.836511628,3.271190476,4.980697674,0.507142857,0.920454545,1.034772727,1.481428571,0.371590909,0.525714286,0.851190476,0.434878049,3.644761905,0.750714286,0.975121951,1.894761905,0.261666667,7.2,1.17,0.24775,2.618684211,0.938604651,18180.62375,17985.85,75.73488889,0.026944444,4.398444444,17.94085714,7.315666667,2.8485,163.9573684,3785.017813,37.19097561,29.84769231,59.38780488,68.20853659,220.4234286,147.16,365.7355882,242.4976471,822.9154286,538.8148485,355.1983333,14.91871795,0.244444444
United Arab Emirates,7.678,45.134,7.298,9.19,9.954,4.786,1.03,0.644,1.9,1.306,2.486,2.934,8.886,6.932,9.86,2.118,1.672,2.186,1.386,1.288,0.974,1.778,0.608,12.308,3.504,6.33,6.074,1.982,82.066,3.678,0.924,8.218,1.002,26169.314,22386.694,168.194,0.172,98.022,64.864,28.238,11.43,578.108,7040.06,55.242,54.964,87.296,117.492,2218.8,1562.708,1795.316,1313.682,2265.362,1818.14,3036.246,3.812,1
United Kingdom,16.63455128,62.81748387,7.106064516,4.739109589,4.680258065,3.390192308,1.772467532,1.286623377,1.138782051,1.173584906,1.615231788,2.389936306,6.964868421,6.746645161,10.40781457,2.226688742,1.341533333,2.092866667,2.519136691,1.345466667,1.208993289,0.829415584,1.167402597,8.459411765,2.080657895,2.39630137,14.0062987,3.469591837,87.33507143,3.427870968,1.49972973,19.71090278,1.8748,24633.52559,26005.73957,211.1557143,0.145948276,37.27143791,38.43606667,12.50350877,11.44891026,1112.506978,15405.23846,71.06516556,36.83690789,75.47673203,76.60631579,1005.89368,762.7737671,1666.837686,1368.812167,4529.673368,3501.207204,2662.259917,3.124225352,0.347826087
United States of America,17.15187783,61.94877814,8.417478092,5.075234973,6.018273453,4.416920039,2.185551724,1.621396484,1.000408163,3.044557823,4.217965412,3.161875,11.33910931,11.75086229,14.61698824,4.790512048,1.712145749,4.272492212,4.490277207,2.847790576,2.76886812,1.779253579,1.852068966,12.55919552,2.562641261,3.055055804,8.427761506,2.300035714,62.2531134,3.669501966,1.649958848,27.73490066,1.217751196,24196.34202,23078.47067,179.592442,0.155793781,69.856778,41.20284226,18.20382114,11.85987842,1099.374797,15649.47237,43.79964753,35.99441461,77.87387161,100.2504588,1445.178697,1229.408165,2485.399551,2069.69869,3678.599707,2812.234725,3987.079663,5.140612777,0.110800745
Uruguay,13.88727273,47.356,9.561818182,3.158,4.134444444,3.52,2.148,1.478181818,0.927,1.65,1.368,2.568,9.156,10.198,11.043,2.308,2.661,1.474,2.431,1.622,1.541,0.971,1.382,6.254,1.999,2.894444444,4.328,1.235555556,43.50555556,1.411818182,1.594444444,11.50909091,1.870909091,36424.55182,38671.06,110.469,0.174285714,37.553,31.52,18.05,7.921111111,355.3911111,5954.02,83.771,41.575,93.849,103.132,429.64,329.095,870.945,760.9016667,3191.92,1628.0925,678.466,8.741428571,0.090909091
Uzbekistan,3.334,23.45875,2.977,1.192222222,1.94875,1.322222222,0.471,0.353,0.738,0.344444444,1.152222222,1.372,4.183333333,2.8975,6.79,0.996666667,1.805,1.88,0.918888889,0.456666667,0.30375,0.298571429,0.29125,2.44,0.88,1.903333333,1.96,0.191428571,11.42166667,0.448888889,0.175,3.208,0.771428571,11803.3,16445.14,46.29833333,0.018333333,15.86428571,21.83285714,7.29,2.57,130.54,3445.44,25.56666667,29.39833333,66.428,58.68,218.9571429,155.87,383.0928571,262.0657143,615.0183333,328.91,237.8842857,17.81666667,0.1
Vanuatu,12.27,53.17,9.82,3.68,4.5,3.22,2.07,0.83,1.45,1.96,2.07,3.77,22.72,16.87,16.01,4.11,0.45,4.03,4.33,4.11,2.55,2.26,1.29,14.31,3.38,3.07,8.42,1.23,49.08,1.34,1.17,4.09,1.36,13134.53,25608.07,247.43,0.16,137,65.14,0,6.11,525.33,5664.21,44.99,32.72,98.15,49.08,1071.55,1083.77,1952.82,1726.91,,,647.29,7.5,1
Vatican City,1.04,31.16,12.46,1.04,1.04,1.56,1.04,1.04,1.04,1.14,,0.72,10.39,10.39,10.39,,,,,,,1.04,1.04,,1.48,1.04,,1.04,,1.04,0.65,,1.99,,,,,,,,,,,,,,,882.89,103.87,,217.61,,,2347.45,4.7,0
Venezuela,8.733529412,33.24,8.61,1.497058824,2.147058824,1.828823529,1.102941176,0.770588235,1.458823529,1.685333333,1.194375,2.035,3.918888889,4.9,5.201111111,4.501428571,0.799375,1.148125,1.3725,1.287333333,1.59875,1.163125,1.266,8.106,1.198666667,2.160625,3.595,0.563333333,36.23,3.98,2.298181818,9.336363636,0.501111111,28777.77778,30028.84615,18.65352941,0.065,44.64352941,30.69916667,10.23142857,5.147058824,65.60375,9374.285714,48.84117647,40.46875,61.91176471,67.39647059,193.94,181.8233333,384.2916667,296.6666667,665.51,550.61125,194.51375,31.72,0.055555556
Vietnam,2.094705882,19.25294118,4.357142857,0.824375,1.528235294,1.711764706,0.524117647,0.282941176,1.320526316,0.905263158,0.974210526,1.427368421,20.18333333,3.742105263,9.641111111,2.537368421,1.028333333,1.590555556,0.954210526,1.2,1.093684211,0.717777778,0.613684211,7.606666667,0.759411765,1.681666667,1.096111111,0.31375,8.408571429,0.458421053,0.522631579,3.725294118,0.953157895,37201.99056,33644.12778,58.616875,0.078,10.02526316,24.0675,6.967142857,4.138947368,161.0763158,10863.27278,34.98736842,36.10947368,94.75684211,72.93421053,316.3015385,197.4627273,717.1045455,465.0590909,1694.669,950.498,433.7466667,10.94058824,0.142857143
Yemen,6.15,32.63333333,11.16,2.265,2.2825,2.54,1.612,0.66,2.298,1.1,4.383333333,4.241666667,6.622,11.18833333,23.554,6.361666667,1.961666667,5.154,2.408,2.121666667,1.752,0.558,1.074,15.32,0.7,4,3.84,0.6,54.96,2,4.716,5.3475,2.336,9990.01,34299.0225,70.496,0.056,60.792,82.755,27.32,,41.094,2332.926,64.935,92.9175,75.4,71.33,162.365,93.78,443.355,221.695,2787.57,1015.79,439.695,12.875,0.142857143
Zambia,2.988,18.37,3.17,1.152,1.494,1.742,0.822,0.458,1.248,0.996,2.336,1.756,9.11,4.756,5.516,2.572,1.428,2.244,1.164,1.572,1.742,1.212,0.89,4.744,0.946,1.302,2.482,1.45,38.64,3,0.62,9.19,1.36,8593.28,6444.46,140.69,0.07,103.74,23.82,4.78,2,171.24,14061.39,12.66,31.12,90.18,105.64,262.01,168.4,832.64,509.97,10763.91,,396.94,26,0.142857143
Zimbabwe,6.125,37.5,6.1875,1.2875,1.95,2.3575,0.665,0.47,1.7325,1.0275,1.7875,1.9825,8.6425,7.175,7.115,2.77,1.655,1.835,1.4075,1.52,1.36,0.8725,0.99,9.25,1.23,2.4675,2,0.666666667,30,4.375,1.665,10,1.42375,25000,27666.67,65.5025,0.19,92.6875,30,9.17,6.875,261.2925,7087.5,20.835,18.75,46.09,54.8225,196.5866667,209.665,534.7233333,426.39,1122.05,1041.26,311.11,15,0.1
